indicator_id,scheme,requirement_status,requirement_quote,section,page,number_in_requirement,how_checked,farm_naming,reasoning
I001,RSPCA_Assured,required,All lactating cattle must be mobility scored at least four times a year by a mobility scorer registered with the Register of Mobility Scorers (RoMS) and the results recorded in the VHWP.,H 3.5,PDF 48 (printed 46),at least four times a year,records_review,,"Names lameness: mobility scoring on the AHDB Dairy mobility score, the four point gait scale printed in Appendix 3 (PDF 92 to 94, printed 90 to 92). how_checked is records_review because the requirement says the results are recorded in the VHWP, so the assessor checks the recorded scores; this is the worked example in rules.md 4.8. Other requirements naming lameness: H 3.3, cattle with a mobility score of 2 or 3 must receive immediate attention (PDF 48, printed 46); H 3.1 e) and f), a target prevalence and the annual incidence of lameness in the foot care plan (PDF 48, printed 46); H 1.5 e), prevalence and incidence of lameness listed in the VHWP (PDF 45, printed 43); H 3.5.1, a record of treatment for every score 3 cow (PDF 49, printed 47). WA 1.1 a) (PDF 57, printed 55) requires the Welfare Outcome Assessment by the Appendix 4 protocol, in which the assessor scores mobility on 20 randomly selected cows (item 1a, PDF 96, printed 94), which is visual_inspection, and takes lameness incidence and prevalence from records (items 1b to 1d). An information box (PDF 49, printed 47) says electronic mobility scoring systems vary in accuracy and should be verified against the AHDB protocol; a box is not a standard (Guide, PDF 6, printed 4) and it does not accept sensor scores for H 3.5, so sensor_accepted is not used."
I001,FARM_v5,required,Severe Lameness: 5% or less of the lactating cows observed score 3 on the FARM Locomotion Scorecard.,"Chapter 9: Animal Observations, Lameness; FARM Locomotion Scorecard",PDF 149 (printed 149),5% or less of the lactating cows observed score 3,visual_inspection,named_with_threshold,"Required. The standard makes the FARM Locomotion Scorecard (PDF 149) binding, so section names both (rule 3); it applies to the lactating cows of every certified farm (rules 4 and 6). Names lameness, scored on the FARM Locomotion Scorecard (scores 1 normal, 2 moderate, 3 severe, defined on PDF 149), with a number. The same page sets ""Moderate Lameness: 15% or less of the lactating cows observed score 2 on the FARM Locomotion Scorecard."" The checklist on PDF 145 repeats both benchmarks. How checked, PDF 150: ""Observation: Observe and score animals to determine if the benchmark is met."" No sensor or automated data is mentioned. Related: the Herd Health Plan must include a written protocol for lameness prevention and treatment (Chapter 4, PDF 60), whose evaluation says ""Consider the results of animal observations for lameness"" (PDF 62), and the fitness to transport guidance lists ""lameness (three or greater on the FARM locomotion scale)"" (PDF 67)."
I001,GAP_dairy,required,Each Operation must manage Lameness score 3 (severely lame) so that levels do not exceed 2% at any one time for each of the following: a. milking Herd; and b. dry cow Herd.,5.B.1 (Lameness),PDF 33 (printed 23),Lameness score 3 (severely lame); 2% at any one time,visual_inspection,,"Names lameness with a number in a numbered standard marked at Steps 1, 2 and 3, so it applies at Step 1 (rules 1, 14). Also at Steps 1 to 3, 5.B.3 (PDF 34, printed 24): ""Each Operation must manage Lameness score 2 (moderately lame) so that levels do not exceed 10% at any one time"". Higher steps, not counted (rule 14): 5.B.2 sets 1% for score 3 and 5.B.4 sets 5% for score 2, both at Steps 4, 5 and 5+ (PDF 34). The score is the 3 point scale in Appendix IV (PDF 67, printed 57), made binding by 5.H.3 b ""Lameness Assessment (see Appendix IV)"", adapted from Flower and Weary 2006; ""Lameness assessments must be conducting when animals are walking"". How checked: Appendix VIII (PDF 72, printed 62), made binding by 5.H.3 (""Operations must use the protocol and sampling strategy detailed in Appendix VIII""), says GAP ""requires animal-based outcome assessments for lactating cows to be conducted: i. by the third-party certifier, during the audit""; info note 5.H.1b (guidance, rule 2) adds ""Auditors will also conduct an animal assessment of the lactating Herd at the time of the audit"". The Operation also scores lameness every other month (5.H.3 b) and submits it, a records element, but the auditor's own scoring settles visual_inspection. The general clause on PDF 5 (printed v), ""Use of video technology is not a requirement but can be used in place of certain observations"", names no measure, so it does not make this row sensor_accepted. Other mentions: Heifer and Dry Cow Comfort Assessments (5.G.5 b and 5.G.8 b, PDF 36, printed 26); transport ban on animals with ""a Lameness score of 3"" (10.B.1, PDF 56, printed 46)."
I001,Certified_Humane,required,"As an aid for assessing the status of lameness in the herd, locomotion scoring must be performed and recorded on a semi-annual basis.",H 5 e,PDF 36 (printed 27),semi-annual,records_review,,"H 5 e names locomotion scoring, the gait assessment measure, for the whole herd and requires it to be performed and recorded. how_checked is records_review: the same numbered paragraph says ""The HFAC auditor will review locomotion scoring records."" (PDF 36, printed 27). number_in_requirement holds the frequency as written (rule 13). Other requirements naming lameness: H 5 d every animal inspected for hoof condition and lameness ""at least once quarterly or as required"" by a trained, competent individual (PDF 36, printed 27); H 1 a 6 Lameness among monitored conditions (PDF 34, printed 25). The boxed text below H 5 e, ""Lameness in lactating cows should be under 5% of the cows"" with a cow counted lame at score 3, 4 or 5 on the Appendix 3 chart (PDF 50, printed 41), does not count. Boxed text is not a standard: the guide on PDF 10 (printed 1) says ""The numbered requirements are the standards"" and ""Boxed sections provide additional information"", so box text does not count (rule 2)."
I002,RSPCA_Assured,not_required,,,,,,,"No numbered requirement names digital dermatitis. Searched: dermatitis, digital, claw, hoof, foot, infection, lesion. The only mention is an information box after H 3.8 (PDF 49, printed 47) listing digital dermatitis among diseases for which monitoring the incidence of lameness is useful; boxes are not standards (Guide, PDF 6, printed 4), and the box names lameness incidence, not a digital dermatitis score. Nearest requirement: H 3.1 b) (PDF 48, printed 46), feet of all cattle inspected at least annually by a competent foot trimmer for signs of abnormal wear, infection or excessive growth; infection is a general class, not a synonym of digital dermatitis, so it is not counted here (the same clause is recorded as related practice for I003). related_resource: H 3.7 footbathing facility with an antibacterial agent (PDF 49, printed 47); H 1.5 h) main disease problems listed in the VHWP (PDF 45, printed 43). The justification document (PDF 7, printed 5) names digital dermatitis only as a foot condition linked to cows standing with two feet out of the cubicle. Rule 2: box text does not count."
I002,FARM_v5,not_required,,,,,,related_resource,"Searched every page for digital dermatitis, hairy heel wart, foot rot and footbath. No standard names digital dermatitis. It appears only in background and science text: the lameness background defines lameness as impaired locomotion due to a pathologic condition such as foot rot or digital dermatitis (PDF 60) and the science box on PDF 62 discusses footbaths for its control. The related requirement is the practice standard ""The Herd Health Plan (HHP) includes a written protocol for lameness prevention and treatment."" (Chapter 4, Lameness Prevention & Treatment, PDF 60)."
I002,GAP_dairy,not_required,,,,,,,"Searched for digital dermatitis, dermatitis, hairy heel, claw and hoof. No standard names digital dermatitis. It appears only in the worked example of Appendix II (PDF 63, printed 53), an intervention plan for Standard 5.B.1 that mentions ""an outbreak of digital dermatitis (hairy heel warts)"", which is an example, not a requirement. related_resource: 4.J.1, Steps 1 to 3 (PDF 33, printed 23), ""Hooves must be inspected at least twice annually and trimmed as required""; 4.J.2, Steps 4 to 5+, once annually; 7.A.1, all Steps (PDF 41, printed 31), raceways ""must minimize the risk of hoof injuries""; lameness limits in 5.B (PDF 33 to 34)."
I002,Certified_Humane,not_required,,,,,,,"Searched for digital dermatitis, dermatitis, interdigital, hairy heel, foot infection and claw. No requirement names digital dermatitis. H 5 c requires the feet of all cattle to be inspected ""for signs of abnormal wear, infection, or excessive growth"" (PDF 36, printed 27); ""infection"" is broader wording and does not count (rule 6). Interdigital infections appear only in the boxed list under E 2 (PDF 18, printed 9). Boxed text is not a standard: the guide on PDF 10 (printed 1) says ""The numbered requirements are the standards"" and ""Boxed sections provide additional information"", so box text does not count (rule 2). Related: H 5 a prevention of acute hoof conditions by footbaths (PDF 36, printed 27); H 5 d quarterly hoof condition inspection (PDF 36, printed 27)."
I003,RSPCA_Assured,not_required,,,,,,,"Not required under rule 6. Nearest: H 3.1 b) (PDF 48, printed 46), the foot care plan in the VHWP must include the feet of all cattle to be inspected for signs of abnormal wear, infection or excessive growth at least annually by a competent foot trimmer. That wording is broader than claw lesion types and names no scoring system such as the ICAR Claw Health Atlas, so it is not a direct synonym; it is recorded as related practice. Also related: H 3.1 c), feet of every animal inspected at drying off, and H 3.2, close attention to the condition of the feet during daily inspections (both PDF 48, printed 46); H 3.6, methods for prevention and treatment of acute foot conditions (PDF 49, printed 47). Searched: claw, sole, hoof, lesion, white line, ulcer. Sole ulcers and white line disease appear only in the information box after H 3.8 (PDF 49, printed 47), which does not count (rule 2)."
I003,FARM_v5,not_required,,,,,,related_resource,"Searched for claw, hoof, lesion, sole ulcer and white line. No standard names claw lesions or a claw scoring system. Hoof lesions, sole ulcers and white line lesions appear only in rationale and science text on PDF 60 to 62 and PDF 150. Related requirements: the written protocol for lameness prevention and treatment (Chapter 4, PDF 60) and the flooring standard ""Facilities are designed to prevent injuries, slips and falls of animals."" (Chapter 3, Flooring & Facility Design, PDF 46), whose guidance says to monitor cow hooves for excess wear."
I003,GAP_dairy,not_required,,,,,,,"Searched for claw, lesion, sole, hoof and white line. No standard names claw lesions or a claw lesion score. The lesions score in Appendix V covers skin lesions and hair loss, not claws. related_resource: 4.J.1, Steps 1 to 3 (PDF 33, printed 23), hooves inspected at least twice annually and trimmed as required, with dates and number of cows trimmed kept; 4.J.2, Steps 4 to 5+, once annually; 7.A.1, all Steps (PDF 41, printed 31), raceways ""must minimize the risk of hoof injuries"", a resource requirement."
I003,Certified_Humane,not_required,,,,,,,"Searched for claw lesion, sole ulcer, white line, hoof, claw and foot. No requirement names claw lesions or a claw lesion scoring system. H 5 d requires every animal to be inspected ""for hoof condition and lameness at least once quarterly or as required"" and H 5 c requires the feet to be inspected ""for signs of abnormal wear, infection, or excessive growth"" (both PDF 36, printed 27); both are broader wording that names no lesion type, so they do not count (rule 6). Bruised soles and laminitis appear only in the boxed list under E 2 (PDF 18, printed 9). Boxed text is not a standard: the guide on PDF 10 (printed 1) says ""The numbered requirements are the standards"" and ""Boxed sections provide additional information"", so box text does not count (rule 2)."
I004,RSPCA_Assured,required,"Around the hock and the knee (carpus) this will be apparent as an obviously rounded swelling >5cm in diameter, e.g. the size of a clementine.",WA 1.1 a); Appendix 4 item 5 (Swellings),PDF 99 (printed 97),>5cm,visual_inspection,,"Names hock alterations. WA 1.1 a) (PDF 57, printed 55) requires the Welfare Outcome Assessment to follow the protocol in Appendix 4. Its item 5, Swellings, scores the rear legs and defines swelling at the hock: 1S, mild swelling, is a lack of definition around the hock and the knee, 2S is a rounded swelling over 5cm, and a note defines swollen hocks (PDF 99, printed 97). Item 4, Hair loss and Lesions, scores hairless patches and lesions of 2cm or more on the rear legs without naming the hock (PDF 98, printed 96). how_checked is visual_inspection: the protocol says visually assess one randomly selected side from a distance not exceeding 2m, on 20 randomly selected cows (PDF 95 and 99, printed 93 and 97), and WA 1.1 d) ii says scheme personnel carry it out for members. The score sheet records it per region (rear legs), not as a hock only score (PDF 102, printed 100). An information box after E 1.4 lists knee and hock swellings among indicators of a poor environment (PDF 13, printed 11); not a standard. The justification document (PDF 6, printed 4) links poor cubicle design to hock lesions. Rule 3: the protocol is binding through WA 1.1 a), which applies at every scheme assessment visit (WA 1.1 c)). Rule 9: the item's own text lists the rear legs and front leg and names the hock and the knee."
I004,FARM_v5,required,Hock Injuries: 95% or more of the lactating cows observed score 2 or less on the FARM Hock Scorecard.,"Chapter 9: Animal Observations, Hock and Knee Injuries; FARM Hock Scorecard",PDF 154 (printed 154),95% or more of the lactating cows observed score 2 or less,visual_inspection,named_with_threshold,"Required. The standard makes the FARM Hock Scorecard (PDF 156 and 157) binding, so section names both (rule 3); it applies to the lactating cows of every certified farm (rules 4 and 6). Names hock injuries with a number. The FARM Hock Scorecard (PDF 156 and 157) scores hair loss, swelling, dried scab and open or bleeding wounds at the hock, the alterations named in the indicator's Welfare Quality definition (hairless patches, lesions or swellings). How checked, PDF 158: ""Observation: Observe and score animals to determine if the benchmark is met"". The checklist on PDF 145 repeats the benchmark, and the Calving Area evaluation also observes hock and knee injury scores of close-up, dry and fresh cows (Chapter 5, PDF 108), with no number there."
I004,GAP_dairy,required,"The percentage of animals that score 2 for swellings, must not exceed 5% at any one time for each of the following: c. Heifers (weaned Calves to first calving); d. dry cows; and a. milking Herd.",5.D.1 (Swellings); Appendix VI,PDF 34 (printed 24),score 2; 5% at any one time,visual_inspection,,"Names hock alterations through the swellings score (rules 3 and 9). 5.D.1 is a numbered standard marked at Steps 1, 2 and 3. The score it uses is Appendix VI (PDF 69, printed 59), made binding by 5.H.3 e ""Swellings Score (see Appendix VI)"" and by 5.G.5 e and 5.G.8 e. The scorecard text lists the regions: the method says ""visually assess the front and rear legs of the animal"", and the score 2 description says ""Around the hock and the knee this will be apparent as a lack of definition of the tendons and other structures around the joint, and the hock will appear to have lost the 'waist' to the joint""; score 3 says ""Around the hock this will be apparent as an obviously rounded swelling"". So under rule 9 the score names the hock and the knee. The Welfare Quality integument alterations measure that this row shares also counts hairless patches and lesions; GAP's Lesions and Hair Loss score (Appendix V, PDF 68, printed 58) lists ""Head and neck"", ""Body (flank, back, hindquarter)"", ""Front legs"" and ""Rear legs, udders and teats"", not the hock or knee, and at Step 1 sets no limit of its own. GAP drafting slip: 5.C.1 (PDF 34), headed Lesions and Hair Loss, reads at Steps 1 to 3 ""score 2 for swellings, must not exceed 5%"", the same text as 5.D.1; the lesions and hair loss limit appears only in 5.C.2 at Steps 4 to 5+ (""must not exceed 1%""), and 5.D.2 sets 1% for swellings at Steps 4 to 5+; higher steps are not counted (rule 14). How checked: Appendix VI ""visually assess ... from a distance not exceeding 6 ft (1.8m)""; Appendix VIII (PDF 72, printed 62), binding through 5.H.3, assessments ""by the third-party certifier, during the audit""; info note 8.E.1 (guidance, rule 2) ""This standard will be evaluated by the auditor on-farm using Appendix V: Lesions and Hair Loss and Appendix VI: Swellings Score"". The general clause on PDF 5 (printed v), ""Use of video technology is not a requirement but can be used in place of certain observations"", names no measure, so it does not make this row sensor_accepted."
I004,Certified_Humane,not_required,,,,,,,"Searched for hock, swelling, callus, hairless, lesion, integument and injury. No numbered requirement names hock alterations. The words ""Knee, hock, swellings/callus"" appear only in a boxed list under E 2 that opens ""Excessive occurrence of the following may be indicators of environmental problems"" (PDF 18, printed 9). Boxed text is not a standard: the guide on PDF 10 (printed 1) says ""The numbered requirements are the standards"" and ""Boxed sections provide additional information"", so box text does not count (rule 2). The numbered E 2 b says ""there must be no recurrent injuries on cattle that could be attributed to physical features of their environment"" (PDF 18, printed 9); it names injuries in general and no body region (rule 6). Related: E 17 lying area and bedding and E 17 d 2 hocks must fit on the bed (PDF 21, printed 12); E 26 freestall design (PDF 24, printed 15)."
I005,RSPCA_Assured,required,"Around the hock and the knee (carpus) this will be apparent as an obviously rounded swelling >5cm in diameter, e.g. the size of a clementine.",WA 1.1 a); Appendix 4 item 5 (Swellings),PDF 99 (printed 97),>5cm,visual_inspection,,"Names knee alterations: the Appendix 4 swellings item names the knee (carpus) for both 1S, mild swelling, and 2S, a rounded swelling over 5cm (PDF 99, printed 97); the front leg is one of the scored regions. WA 1.1 a) (PDF 57, printed 55) requires the assessment to follow this protocol. Item 4, Hair loss and Lesions, scores the front leg for hairless patches and lesions of 2cm or more without naming the knee (PDF 98, printed 96). how_checked is visual_inspection: visually assess one randomly selected side from a distance not exceeding 2m, on 20 randomly selected cows, by scheme personnel under WA 1.1 d) ii. The score sheet records it per region (front leg), not as a knee only score (PDF 102, printed 100). The information box after E 1.4 lists knee swellings among indicators of a poor environment (PDF 13, printed 11); not a standard. Rule 3: the protocol is binding through WA 1.1 a), which applies at every scheme assessment visit (WA 1.1 c)). Rule 9: the item's own text lists the rear legs and front leg and names the hock and the knee."
I005,FARM_v5,required,Knee Injuries: 95% or more of the lactating cows observed score 2 or less on the FARM Knee Scorecard.,"Chapter 9: Animal Observations, Hock and Knee Injuries; FARM Knee Scorecard",PDF 154 (printed 154),95% or more of the lactating cows observed score 2 or less,visual_inspection,named_with_threshold,"Required. The standard makes the FARM Knee Scorecard (PDF 155) binding, so section names both (rule 3); it applies to the lactating cows of every certified farm (rules 4 and 6). Names knee injuries with a number. The knee scoring on PDF 155 scores hair loss, swelling, dried scab and open or bleeding wounds. How checked, PDF 158: ""Observation: Observe and score animals to determine if the benchmark is met"". The checklist on PDF 145 repeats the benchmark; the Calving Area evaluation also observes knee injury scores (Chapter 5, PDF 108)."
I005,GAP_dairy,required,"The percentage of animals that score 2 for swellings, must not exceed 5% at any one time for each of the following: c. Heifers (weaned Calves to first calving); d. dry cows; and a. milking Herd.",5.D.1 (Swellings); Appendix VI,PDF 34 (printed 24),score 2; 5% at any one time,visual_inspection,,"Names knee alterations through the swellings score (rules 3 and 9). 5.D.1 is a numbered standard marked at Steps 1, 2 and 3. The score it uses is Appendix VI (PDF 69, printed 59), made binding by 5.H.3 e ""Swellings Score (see Appendix VI)"" and by 5.G.5 e and 5.G.8 e. The scorecard text lists the regions: the method says ""visually assess the front and rear legs of the animal"", and the score 2 description says ""Around the hock and the knee this will be apparent as a lack of definition of the tendons and other structures around the joint, and the hock will appear to have lost the 'waist' to the joint""; score 3 says ""Around the hock this will be apparent as an obviously rounded swelling"". So under rule 9 the score names the hock and the knee. The Welfare Quality integument alterations measure that this row shares also counts hairless patches and lesions; GAP's Lesions and Hair Loss score (Appendix V, PDF 68, printed 58) lists ""Head and neck"", ""Body (flank, back, hindquarter)"", ""Front legs"" and ""Rear legs, udders and teats"", not the hock or knee, and at Step 1 sets no limit of its own. GAP drafting slip: 5.C.1 (PDF 34), headed Lesions and Hair Loss, reads at Steps 1 to 3 ""score 2 for swellings, must not exceed 5%"", the same text as 5.D.1; the lesions and hair loss limit appears only in 5.C.2 at Steps 4 to 5+ (""must not exceed 1%""), and 5.D.2 sets 1% for swellings at Steps 4 to 5+; higher steps are not counted (rule 14). How checked: Appendix VI ""visually assess ... from a distance not exceeding 6 ft (1.8m)""; Appendix VIII (PDF 72, printed 62), binding through 5.H.3, assessments ""by the third-party certifier, during the audit""; info note 8.E.1 (guidance, rule 2) ""This standard will be evaluated by the auditor on-farm using Appendix V: Lesions and Hair Loss and Appendix VI: Swellings Score"". The general clause on PDF 5 (printed v), ""Use of video technology is not a requirement but can be used in place of certain observations"", names no measure, so it does not make this row sensor_accepted."
I005,Certified_Humane,not_required,,,,,,,"Searched for knee, carpal, swelling, callus, hairless, lesion, integument and injury. No numbered requirement names knee alterations. The words ""Knee, hock, swellings/callus"" appear only in a boxed list under E 2 (PDF 18, printed 9). Boxed text is not a standard: the guide on PDF 10 (printed 1) says ""The numbered requirements are the standards"" and ""Boxed sections provide additional information"", so box text does not count (rule 2). The numbered E 2 b forbids ""recurrent injuries on cattle that could be attributed to physical features of their environment"" (PDF 18, printed 9); it names injuries in general and no body region (rule 6). Related: E 17 lying area and bedding (PDF 21, printed 12); E 26 b forward lunging area (PDF 24, printed 15)."
I006,RSPCA_Assured,required,Record the number of recorded cases of mastitis per 100 cows for the previous 12 months.,WA 1.1 a); Appendix 4 item 9 (Mastitis),PDF 100 (printed 98),per 100 cows for the previous 12 months,records_review,,"Names clinical mastitis incidence: item 9 counts only clinical cases, at cow level, with a 7 day rule for new cases, and excludes high somatic cell count without clinical signs (PDF 100, printed 98). It is required by WA 1.1 a) (PDF 57, printed 55). how_checked is records_review: the item is labelled Records and the sampling page says records measures come From records (PDF 95, printed 93). Other requirements naming it: H 5.4 b), clinical cases of mastitis, including quarter(s) affected and the duration of each case, monitored and recorded as part of the VHWP (PDF 51, printed 49); H 5.1 c), a target incidence of clinical mastitis set for the farm (PDF 50, printed 48); H 1.5 f), incidence of mastitis listed in the VHWP (PDF 45, printed 43). related practice: E 9.5, routine fore milk examination to identify early cases of mastitis (PDF 26, printed 24). Rule 5: mastitis named without its form names I006. Rule 3: the protocol is binding through WA 1.1 a), which applies at every scheme assessment visit (WA 1.1 c))."
I006,FARM_v5,not_required,,,,,,related_resource,"Not required under rule 11. Mastitis is named only in the treatment protocol standard: ""The Herd Health Plan (HHP) includes a written protocol for treatment of the following common diseases: diarrhea, displaced abomasum (DA), ketosis, mastitis, milk fever, metritis, pneumonia, and any additional routinely occurring diseases identified by the veterinarian."" (Chapter 4, Treatment of Common Diseases, PDF 56). A treatment protocol alone does not name a case measure. The Treatment Records standard (Chapter 2, PDF 24) requires records of each treatment of ""the facility's common diseases"" with the ""Disease/condition being treated"", but it names no condition itself, so it does not count either. Searched every page for a requirement to record, monitor or report cases of the condition and found none; FARM's evaluation of the protocol standard reviews treatment records (PDF 56), which is a check, not a requirement to record cases. Both standards are related practice requirements. Also related: the milking procedure protocol (Chapter 4, PDF 70)."
I006,GAP_dairy,required,Incidence of clinical mastitis must not exceed 30% of the milking Herd measured monthly.,"7.D.3 (Milk Quality & Mastitis, Clinical Mastitis Monitoring)",PDF 42 (printed 32),30% of the milking Herd measured monthly,records_review,,"Names the incidence of clinical mastitis with a number, marked at Step 1 only (rules 5, 14). Higher steps on the same page, not counted: 7.D.4 20% (Steps 2 and 3), 7.D.5 15% (Steps 4 and 5), 7.D.6 10% (Step 5+). The section note defines incidence as ""(total number of cows with a case of clinical mastitis each month / total number of cows being milked) X 100"". How checked: the numbered standard 7.D.2, all Steps, says ""Each cow must be checked for symptoms of clinical mastitis at each milking. Records must be kept if evidence of clinical mastitis is found."", and 5.H.4 (PDF 37, printed 27) requires the monthly new cases of ""Clinical mastitis"" to be reported ""to G.A.P. and to the Certifier"" every other month, so the certifier works from records: records_review. The only mention of automated data is the info note under 7.D.2, ""This can be done by physically examining the udder and fore milk prior to attaching the cluster, or the use of automated systems checks on electrical conductivity or light emission through milk""; it is guidance (rule 2) and describes how the farm finds cases, not how compliance is checked, so it does not make the row sensor_accepted. Numbering note: the thresholds are numbered 7.D.3 to 7.D.6 on PDF 42, the info note under 7.D.2 is labelled 7.D.4, 7.D.7 refers to ""thresholds listed in 7.D.5-7.D.8"", and the worked example on PDF 7 (printed vii) numbers the same four standards 7.D.5 to 7.D.8; the row uses the number printed beside the standard."
I006,Certified_Humane,required,"Herd somatic cell counts, individual clinical cases of mastitis, and mastitis tube usage must be monitored and recorded.",H 7 c,PDF 37 (printed 28),,records_review,,"H 7 c names individual clinical cases of mastitis and requires them to be monitored and recorded, which names the incidence of clinical cases (rules 5 and 11). It applies to every farm. how_checked is records_review on the deciding words ""must be monitored and recorded"", read as in the rule 4.8 worked example. Other requirements: H 1 a 8 Mastitis among monitored conditions (PDF 35, printed 26); E 34 f a weekly fore strip examination ""to identify early cases of mastitis"" (PDF 26, printed 17); E 34 c cows with mastitis marked and milked last (PDF 26, printed 17); H 7 b names ""the mastitis rate"" against a target figure the standard does not set (PDF 37, printed 28)."
I007,RSPCA_Assured,not_required,,,,,,,"No requirement names bulk milk or bulk tank somatic cell count. Searched: bulk, tank, somatic, cell count, SCC. H 5.4 a) requires individual cow cell counts (I057, I058), not the bulk tank count (PDF 51, printed 49). Appendix 4 item 9 excludes high milk somatic cell count without clinical signs from mastitis cases (PDF 100, printed 98). related practice: M 2.7, all farms must be milk recorded using an ICAR approved milking system (PDF 32, printed 30); it names no cell count. Rule 6: no herd level or bulk tank count is named."
I007,FARM_v5,not_required,,,,,,related_resource,"Searched for somatic, SCC, cell count, bulk tank and milk quality. SCC appears only in the acronym list (PDF 9) and in the Milking Procedure science box, which says certain milking practices are associated with lower herd somatic cell count (PDF 70). No standard names bulk milk SCC. The Antibiotic Stewardship standard tests sold milk for antibiotics, not cell count (Chapter 2, PDF 16). Related requirements: ""The Herd Health Plan (HHP) has a written protocol for milking procedures."" (Chapter 4, Milking Procedure, PDF 70) and the mastitis treatment protocol (Chapter 4, PDF 56). Not required: the only herd level SCC wording is in a science box (PDF 70), which is not a standard (rule 2); under rule 6 a herd level count would name this row."
I007,GAP_dairy,required,Monthly average bulk tank somatic cell count (SCC) must be monitored and recorded.,"7.D.1 (Milk Quality & Mastitis, Subclinical Monitoring of Mastitis)",PDF 42 (printed 32),Monthly,records_review,,"Names bulk tank somatic cell count (rule 6). Marked at every Step, 1 to 5+, in the Step Level columns. No limit is set; the frequency ""Monthly"" is recorded (rule 13). How checked: the standard says ""must be monitored and recorded"", and its info note says ""Monthly averages are calculated by summing all the bulk tank tests for a month and dividing by the number of tests"". Also a herd level count, 5.H.4 e ""Monthly average SCC"" (PDF 38, printed 28), reported every other month for the milking Herd, which under rule 6 names this row, not I057. Appendix II (PDF 63, printed 53) lists ""clinical and subclinical mastitis monitoring"" among areas needing an intervention plan when thresholds are exceeded, though 7.D sets no SCC threshold. Related: 1.C.1 b iii (PDF 12, printed 2) ""monitoring programs (e.g. somatic cell count, Johne's, BVD-PI)"" in the animal health plan."
I007,Certified_Humane,required,"Herd somatic cell counts, individual clinical cases of mastitis, and mastitis tube usage must be monitored and recorded.",H 7 c,PDF 37 (printed 28),,records_review,,"H 7 c requires ""Herd somatic cell counts"" to be monitored and recorded. A herd level somatic cell count names I007, the bulk milk somatic cell count, and not the individual cow rows I057 and I058 (rule 6). It applies to every farm. how_checked is records_review on the deciding words ""must be monitored and recorded""."
I008,RSPCA_Assured,not_required,,,,,,,"No requirement names step activity. Searched: step, activity, pedometer, accelerometer, sensor, movement. Steps appear only in the mobility score definitions (Appendix 3, PDF 92 to 93, printed 90 to 91), which are gait scoring under I001. The Artificial Intelligence information box (PDF 42, printed 40) mentions behavioural assessment but names no measure and is not a standard."
I008,FARM_v5,not_required,,,,,,related_resource,"Searched for step, pedometer, activity, locomote and walking. No standard names step activity. Related requirement: ""All age classes of animals have a method of daily exercise (weather permitting, if outdoors)."" (Chapter 3, Daily Exercise, PDF 36), where exercise is defined as the ability to freely locomote and the science box discusses levels of locomotor activity. It is checked by observing that animals can locomote daily, not by counting steps."
I008,GAP_dairy,not_required,,,,,,,"Searched for step, steps, activity, pedometer, walking and movement. No standard names step activity. related_resource: 8.P.1, all Steps (PDF 50, printed 40), ""Management systems must provide exercise space, either indoor or outdoors""; 8.Q.1, all Steps (PDF 50), daily access to an Indoor Yard/Pen; 8.F.4, Step 1 only (PDF 48, printed 38), cows in Tie Stalls untied with ""access to an exercise area for at least two (2) hours per day"" until 31 December 2026. Higher steps: outdoor yard and pasture access in 8.S, 8.V and 8.W (Steps 3 to 5+, PDF 51 to 53)."
I008,Certified_Humane,not_required,,,,,,,"Searched for step, steps, activity, pedometer, accelerometer and walking. No requirement names step activity. Related: E 22 b access to exercise areas for 4 hours per day and E 22 a exercise areas allowing movement of at least 30 or 40 feet in one direction (PDF 23, printed 14); E 16 a freedom of movement (PDF 21, printed 12)."
I009,RSPCA_Assured,not_required,,,,,,,"No requirement names walking distance. Searched: walking, distance, walk, GPS, track. related_resource: E 8.4 a) and b), cow tracks designed and maintained so as not to damage the feet (PDF 25, printed 23). An information box after FW 2.8 says cattle should not have to walk more than 250m to water (PDF 12, printed 10), a guideline and not a standard. The virtual fencing box mentions GPS only for moving a fence (PDF 29, printed 27)."
I009,FARM_v5,not_required,,,,,,related_resource,"Searched for distance, GPS, walking and locomote. Distance appears only for transport, euthanasia and lunge space, never as walking distance. Related requirement: the daily exercise standard (Chapter 3, Daily Exercise, PDF 36), which requires a method of daily exercise but sets no distance."
I009,GAP_dairy,not_required,,,,,,,"Searched for walking, distance, GPS and movement. No standard names walking distance. related_resource: 8.P.1, all Steps (PDF 50, printed 40), exercise space; 8.Q.1, all Steps (PDF 50), daily access to an Indoor Yard/Pen; 8.F.4, Step 1 only (PDF 48, printed 38), two hours a day untied with access to an exercise area. Higher steps: 8.S.1 outdoor yards 12 hours a day (Step 3, PDF 51, printed 41), 8.V.1 exercise pasture 12 hours a day (Steps 3 and 4, PDF 52, printed 42), 8.W pasture (Steps 4 to 5+, PDF 53, printed 43)."
I009,Certified_Humane,not_required,,,,,,,"Searched for walking distance, distance, walk and GPS. No requirement names walking distance. Related: E 22 a exercise areas ""at least 30 or 40 feet in one direction"" (PDF 23, printed 14), a space dimension, not a distance walked; E 22 b access to exercise areas for 4 hours per day (PDF 23, printed 14)."
I010,RSPCA_Assured,not_required,,,,,,,"No requirement names walking speed as a measure. Searched: speed, fast, pace, slower. Walking speed appears only inside the mobility score definitions (score 3, unable to walk as fast as a brisk human pace, Appendix 3, PDF 92 to 93, printed 90 to 91, and Appendix 4 item 1a, PDF 96, printed 94), where it is a criterion of the lameness score already counted under I001, not a separate speed measurement."
I010,FARM_v5,not_required,,,,,,related_resource,"Searched for speed, pace and walking. Speed appears only as air speed (PDF 52 and 53) and speed of care (PDF 114). No standard names walking speed. Related requirements: ""Facilities are designed to prevent injuries, slips and falls of animals."" (Chapter 3, Flooring & Facility Design, PDF 46), whose science box says cows walk more slowly on slippery surfaces and rubber flooring increases walking pace, and the daily exercise standard (PDF 36)."
I010,GAP_dairy,not_required,,,,,,,"Searched for speed, walking and gait. No standard names walking speed. The lameness score in Appendix IV (PDF 67, printed 57) describes strides and gait but is coded under I001, not speed. related_resource: 8.A.2, all Steps (PDF 45, printed 35), non slip flooring ""to minimize slips and falls""; 7.A.1, all Steps (PDF 41, printed 31), raceways that minimize hoof injuries; 4.B.3, all Steps (PDF 26, printed 16), animals ""given time to move""."
I010,Certified_Humane,not_required,,,,,,,"Searched for speed, pace and velocity. No requirement names the walking speed of cows as a measure. M 7 d ""Handlers should strive to move cattle at a slow, comfortable pace"" and M 9 b (PDF 31, printed 22) and T 4 b (PDF 41, printed 32) concern handling, not a gait speed measure."
I011,RSPCA_Assured,not_required,,,,,,,"No requirement names agonistic interactions or a count of them. Searched: agonistic, aggression, aggressive, bullying, fighting, butting, displacement, competition. related_resource: E 2.8, minimise dead end alleyways to avoid bullying by dominant animals (PDF 14, printed 12); M 3.8, precautions to prevent injury through bullying (PDF 34, printed 32); M 3.7, polled and horned cattle not grouped together (PDF 34, printed 32); FW 1.8, no necessity to compete for food (PDF 8, printed 6); TC 1.1 d), minimal social stress from group mixing (PDF 43, printed 41)."
I011,FARM_v5,not_required,,,,,,related_resource,"Searched for agonistic, aggress, fight, competition and displacement. No standard names agonistic interactions. Aggression appears in science text only: reduced feeding space increases aggressive interactions (Access to Feed, PDF 32), and aggression or fighting for shade or water is listed among signs of heat stress (PDF 38). Related requirements: ""All age classes of animals have access to sufficient quantities of feed for maintenance, health, and growth."" (Chapter 3, Access to Feed, PDF 32), checked by body condition score, and the heat and cold standard (Chapter 3, PDF 38), whose evaluation observes animals for signs of heat or cold stress (PDF 39)."
I011,GAP_dairy,not_required,,,,,,,"Searched for agonistic, aggression, aggressive, fighting, butting, displacement, dominant and competition. No standard names agonistic interactions. Appendix XI lists ""Areas of exclusion / visual barriers"" as an acceptable enrichment because cattle ""can hide from dominant or more aggressive cattle"" (PDF 90, printed 80); this explains an enrichment, it is not a requirement to measure behaviour. related_resource: 6.B.17, all Steps (PDF 40, printed 30), ""Heifer groups must be kept separate from cow groups unless animals can eat without competition at the feeder""; 8.G.1 stall ratio 1.2:1 at Step 1 and 8.G.2 1:1 at Steps 2 to 5+ (PDF 48, printed 38); 8.K.1 one type of enrichment at Step 1 (PDF 49, printed 39)."
I011,Certified_Humane,not_required,,,,,,,"Searched for agonistic, aggression, aggressive, fighting, butting, displacement, dominant and compete. No requirement names agonistic interactions. Related: E 8 b passageways designed so submissive animals cannot be trapped by dominant animals (PDF 19, printed 10); E 23 a loafing areas let lower ranking cows escape dominant cows (PDF 23, printed 14); FW 9 b bunk space so cattle do not need to compete for feed (PDF 13, printed 4); M 10 heifers ""should be closely monitored"" when introduced (PDF 31, printed 22), which names no behaviour count."
I012,RSPCA_Assured,not_required,,,,,,,"No requirement names lying time. Searched: lying time, lie, lying, rest, resting. Under rule 4.8 lying space and bedding requirements do not name lying time. related_resource: E 4.1 and E 4.2, straw yard lying area (PDF 18, printed 16); E 5.4 to E 5.9, cubicle bed and lying (PDF 19 to 20, printed 17 to 18); E 5.14, at least 5% more usable cubicles than cows (PDF 20, printed 18); TC 1.2 and TC 1.5, transition cow cubicles and lying comfort (PDF 43, printed 41); E 6.3, low level lighting to promote resting behaviour (PDF 21, printed 19). The justification document (PDF 7, printed 5) gives longer lying times as the reason for extra cubicles; that is reasoning for a resource standard, not a lying time requirement."
I012,FARM_v5,not_required,,,,,,related_resource,"Searched for lying time, lie down, lying and rest. No standard names lying time or sets hours. Lying time appears in rationale and science text on PDF 41, 44 and 150. Related requirements: ""Housing allows all age classes to easily stand up, lie down, and have visual contact with other cattle without risk of injury."" (Chapter 3, Housing Characteristics, PDF 41) and ""All age classes of animals have a resting area that is clean, dry, provides adequate cushion at all times, and does not pose risk of injury."" (Chapter 3, Resting Areas, PDF 44)."
I012,GAP_dairy,not_required,,,,,,,"Searched for lying time, lying, rest and hours. No standard names lying time. related_resource: 8.E.1, all Steps (PDF 47, printed 37), ""Housing must allow weaned Calves, Heifers and cows to stand, lie, rise, and rest without injury or pain""; 8.E.2, all Steps, access to a lying area that is dry and well bedded; 8.E.3 and 8.E.4 bedding depth; 8.G.1, Step 1 (PDF 48, printed 38), stall ratio not over 1.2:1, and 8.G.2 1:1 at Steps 2 to 5+; 8.H.2, all Steps, minimum bedded rest area per cow on Bedded Packs. Rule 10: these are housing provisions even where they state the outcome they allow, so they do not name the animal measure."
I012,Certified_Humane,not_required,,,,,,,"Searched for lying time, lying, rest and hours. No requirement names lying time. Related provisions (rule 10): E 17 lying area and bedding (PDF 21, printed 12); E 18 freestalls (PDF 22, printed 13); E 20 b ""all cows must be able to lie down simultaneously"" (PDF 22, printed 13); E 16 a 2 room to lie down (PDF 21, printed 12). The boxed H 5 advice ""that cows are lying in the stalls"" (PDF 36, printed 27) does not count (rule 2)."
I013,RSPCA_Assured,not_required,,,,,,,"No requirement names the frequency of lying bouts. Searched: bout, lying, lie down, rest. related_resource: the same lying area and cubicle requirements as for I012: E 4.1 and E 4.2 (PDF 18, printed 16); E 5.4 to E 5.9 and E 5.14 (PDF 19 to 20, printed 17 to 18); TC 1.2 and TC 1.5 (PDF 43, printed 41); E 6.3 (PDF 21, printed 19)."
I013,FARM_v5,not_required,,,,,,related_resource,"Searched for lying bouts, bout, frequency and get up. No standard names lying bouts. The Housing Characteristics science box says cattle get up and lie down less often in hard stalls (PDF 41). Related requirements: the housing standard (Chapter 3, PDF 41) and the resting area standard (Chapter 3, PDF 44)."
I013,GAP_dairy,not_required,,,,,,,"Searched for lying bouts, bouts, lying and rise. No standard names the frequency of lying bouts. related_resource: 8.E.1, all Steps (PDF 47, printed 37), housing must allow animals ""to stand, lie, rise, and rest without injury or pain""; 8.G.3, Step 1 only (PDF 48, printed 38), ""Free Stalls must allow animals to stand, lie, rise, and rest without injury or pain""; 8.G.1 stall ratio at Step 1. Rule 10: these are housing provisions even where they state the outcome they allow, so they do not name the animal measure."
I013,Certified_Humane,not_required,,,,,,,"Searched for lying bouts, bouts, lying down frequency and lying. No requirement names the frequency of lying bouts. Related provisions (rule 10): E 17 lying area and bedding (PDF 21, printed 12); E 20 b space allowance with all cows able to lie down simultaneously (PDF 22, printed 13)."
I014,RSPCA_Assured,not_required,,,,,,,"No requirement names the duration of the lying down movement or the time needed to lie down. Searched: time needed, duration, lie down, lying down. Nearest: E 5.9 (PDF 20, printed 18), animals in each cubicle must be able to change position from standing to lying and vice versa in a normal manner without difficulty, hindrance or injury. It names a normal movement, not its duration, and sits under cubicle housing, so under rule 10 it is related, not a naming of the measure. The scoring protocol in the box after E 5.9.1 scores rising, not lying down (see I015). related_resource: E 5.9.1 a), 0.7m forward lunge space; E 5.10 to E 5.13, cubicle construction (PDF 20, printed 18)."
I014,FARM_v5,not_required,,,,,,related_resource,"Not required under rule 10. The candidate was ""Housing allows all age classes to easily stand up, lie down, and have visual contact with other cattle without risk of injury."" (Chapter 3, Housing Characteristics, PDF 41). It is worded as a housing provision, so it does not name the duration of the lying down movement, even though its evaluation observes ""if all age classes of animals can easily stand up, lie down, adopt normal resting postures"" (PDF 42). Searched for lying down, getting up, rising and duration; no other requirement names the movement. Related: the housing standard (PDF 41) and the resting area standard (Chapter 3, PDF 44)."
I014,GAP_dairy,not_required,,,,,,,"Searched for lie down, lying down, time needed and lying movement. No standard names the duration of the lying down movement. related_resource: 8.E.1, all Steps (PDF 47, printed 37), housing must allow animals ""to stand, lie, rise, and rest without injury or pain"", whose info note says it ""will be evaluated by the auditor on-farm using Appendix V: Lesions and Hair Loss and Appendix VI: Swellings Score"", so the check is by injury scores, not by timing lying down; 8.G.3, Step 1 (PDF 48, printed 38), the same words for Free Stalls; 8.F.7, Steps 1 to 3 (PDF 48), neck chains long enough to ""lie down and stand up easily""; info note 8.B.3 (PDF 46, printed 36), calving pens ""must permit the cow to easily lie down on her side"". Rule 10: these are housing provisions even where they state the outcome they allow, so they do not name the animal measure."
I014,Certified_Humane,not_required,,,,,,,"Searched for lying down, time to lie down, lie down and change position. No requirement names the duration of the lying down movement. E 17 d 1, ""Cattle must be able to change position from standing to lying down and vice versa in a normal manner without difficulty or injury."" (PDF 21, printed 12), states the outcome a lying area provision is meant to allow, so it is related and does not name the measure (rule 10). Related: E 37 b the same wording for bulls (PDF 26, printed 17); the boxed H 5 advice that cows be ""able to rise and lie down without encumbrance"" (PDF 36, printed 27) does not count (rule 2)."
I015,RSPCA_Assured,not_required,,,,,,,"Not required. Nearest: E 5.9 (PDF 20, printed 18), in each cubicle animals must be able to change position from standing to lying and vice versa in a normal manner without difficulty, hindrance or injury. It is worded as a cubicle provision stating the animal outcome it is meant to allow, so under rule 10 it does not name the getting up measure. E 5.9.1 b) applies only in cubicle housing where 0.7m forward lunge space cannot be met (rule 4), and the rising score protocol (largest 20% of cows or the largest 12, scored 0 to 3 from unrestricted to severe restriction) is in the box below it, which does not count (rule 2). Searched: rise, rising, getting up, stand up, dog sit. The justification document (PDF 6 to 7, printed 4 to 5) says the rising protocol was added in 2018 for cubicles that cannot meet 0.7m."
I015,FARM_v5,not_required,,,,,,related_resource,"Not required under rule 10. The candidate was ""Housing allows all age classes to easily stand up, lie down, and have visual contact with other cattle without risk of injury."" (Chapter 3, Housing Characteristics, PDF 41). It is worded as a housing provision, so it does not name a deviation from the normal getting up movement, even though its evaluation observes ""if all age classes of animals can easily stand up, lie down, adopt normal resting postures"" (PDF 42). Searched for lying down, getting up, rising and duration; no other requirement names the movement. Related: the housing standard (PDF 41) and the resting area standard (Chapter 3, PDF 44). The housing science box says neck rails can affect the ease of standing up (PDF 41)."
I015,GAP_dairy,not_required,,,,,,,"Searched for getting up, rise, rising and stand up. No standard names deviation from a normal getting up movement. related_resource: 8.E.1, all Steps (PDF 47, printed 37), housing must allow animals to ""stand, lie, rise, and rest without injury or pain"", assessed by the lesions and swellings scores; 8.G.3, Step 1 (PDF 48, printed 38), the same for Free Stalls; 8.F.7, Steps 1 to 3 (PDF 48), neck chains long enough to ""stand up easily""; 8.D.4, Step 1 (PDF 47), the same for Calves in Tie Stalls. Rule 10: these are housing provisions even where they state the outcome they allow, so they do not name the animal measure."
I015,Certified_Humane,not_required,,,,,,,"Searched for getting up, rise, rising, standing up and change position. No requirement names deviations from the normal getting up movement. E 17 d 1, which requires cattle to change position from standing to lying down ""and vice versa in a normal manner without difficulty or injury"" (PDF 21, printed 12), is part of a lying area provision, so it is related and does not name the measure (rule 10). Related: E 16 a 3 ""Sufficient room to rise and turn around"" (PDF 21, printed 12); E 37 b for bulls (PDF 26, printed 17)."
I016,RSPCA_Assured,not_required,,,,,,,"No requirement names lying synchronisation. Searched: synchron, lying down together, at the same time. related_resource: E 4.1 b), straw yard lying area of sufficient size to accommodate all cattle lying down together in normal resting posture (PDF 18, printed 16); E(C) 1.6 b), calf lying area big enough for all calves to lie down at the same time (PDF 79, printed 77). Both set space, not a measure of how many animals lie at once."
I016,FARM_v5,not_required,,,,,,not_named,"Searched for synchron, together and simultaneous. Nothing in the manual names lying synchronisation or lying at the same time. The nearest requirements are the housing and resting area standards (Chapter 3, PDF 41 and 44), but FARM's text does not tie them to synchrony."
I016,GAP_dairy,not_required,,,,,,,"Searched for synchron, together and simultaneous. No standard names lying behaviour synchronisation. The word simultaneously appears only in 8.T.4, Steps 1 to 3 (PDF 51, printed 41), a shade structure ""so that all animals can rest under the structure simultaneously"" on Dry Lots, which are not required at Step 1; that is a resource requirement. related_resource: 8.G.1, Step 1 (PDF 48, printed 38), stall ratio not over 1.2:1, and 8.G.2 1:1 at Steps 2 to 5+; Appendix XI ""Additional stalls"", 1 additional stall for every 30 cows, as an enrichment option (PDF 91, printed 81)."
I016,Certified_Humane,not_required,,,,,,,"Searched for synchrony, synchronised, simultaneously and together. No requirement names lying behaviour synchronisation. E 20 b ""all cows must be able to lie down simultaneously"" (PDF 22, printed 13) and E 17 d ""Of sufficient size to accommodate all cattle lying down together"" (PDF 21, printed 12) are space provisions, related only (rule 10)."
I017,RSPCA_Assured,not_required,,,,,,,"No requirement names self grooming as a measure. Searched: groom, grooming, rubbing. related_resource: E 4.4 a), sufficient freedom of sideways movement to groom themselves without difficulty (PDF 18, printed 16); E(C) 1.6 c), calves able to groom themselves without hindrance (PDF 79, printed 77); E 2.10 to E 2.12, cow brushes (PDF 15, printed 13)."
I017,FARM_v5,not_required,,,,,,related_resource,"Searched for groom, brush and scratch. No standard names self-grooming. The Daily Exercise science box says that when untethered, cattle use the time to groom parts of the body they cannot reach while tied (PDF 36). Related requirement: ""All age classes of animals have a method of daily exercise (weather permitting, if outdoors)."" (Chapter 3, Daily Exercise, PDF 36)."
I017,GAP_dairy,not_required,,,,,,,"Searched for self-grooming, groom, grooming and brush. No standard names self grooming as a measure. related_resource: 8.K.1, Step 1 only (PDF 49, printed 39), ""All animals over 14 days of age must be provided one type of enrichment for each group of animals when housed"", and 8.K.2 two types at Steps 2 to 5+; Appendix XI (PDF 77 to 82, printed 67 to 72) lists brushes and scratch pads as enrichments and explains that cattle ""use the brushes to groom themselves""; 8.F.7, Steps 1 to 3 (PDF 48, printed 38), neck chains long enough ""to groom its back""; 8.D.4, Step 1 (PDF 47, printed 37), the same for Calves."
I017,Certified_Humane,not_required,,,,,,,"Searched for groom, grooming and self-grooming. No requirement names self grooming as a measure. Related space provisions (rule 10): E 16 a 1 ""Sufficient freedom of sideways movement to be able to groom themselves without difficulty"" (PDF 21, printed 12); H 3 a 1 hospital pens (PDF 35, printed 26); E 45 a 3 calf hutches (PDF 28, printed 19)."
I018,RSPCA_Assured,not_required,,,,,,,"No requirement names brush use. Searched: brush, rubbing, grooming. E 2.10 to E 2.12 (PDF 15, printed 13) require cow brushes installed, maintained and accessible, at least one per group and one per 60 cows; that is provision of the resource, related_resource, not a measure of use. The box after H 1.11 says repeated rubbing of brushes is not abnormal behaviour (PDF 46, printed 44). The justification document (PDF 8, printed 6) says brushes are frequently used, as reasoning for the provision standard."
I018,FARM_v5,not_required,,,,,,not_named,"Searched for brush, scratch and grooming device. The word brush does not occur in the manual and no standard names brush use or brush provision."
I018,GAP_dairy,not_required,,,,,,,"Searched for brush, brushes and grooming. GAP does not require brushes or any measure of brush use. Brushes appear only as acceptable enrichment options in Appendix XI (PDF 77 to 80, printed 67 to 70), with quantities such as ""1 brush per 20 animals"" for small fixed brushes and ""1 brush per 100 animals"" for motorized rotating brushes; the explanation ""cattle readily seek out and use brushes when provided"" is background, not a requirement to observe use. related_resource: 8.K.1, Step 1 only (PDF 49, printed 39), one type of enrichment per group when housed; 8.K.2, Steps 2 to 5+, two types; 8.K.3, all Steps, enrichments maintained and replaced."
I018,Certified_Humane,not_required,,,,,,,"Searched for brush and enrichment. No requirement names brush use. Related: E 25 d ""Indoor housing must provide environmental enrichment (e.g., hanging ropes, hay bales, or brushes)."" (PDF 24, printed 15) requires brushes or other enrichment to be provided, not their use to be measured."
I019,RSPCA_Assured,not_required,,,,,,,"No requirement names allo grooming. Searched: allo, groom, social licking, licking. Licking appears only as abnormal behaviour (box after H 1.11, PDF 46, printed 44; box after H(C) 1.3, PDF 84, printed 82) and in the cuddle box note (PDF 75, printed 73). An information box on heifer pasture lists grooming among normal behaviours (PDF 24, printed 22). related_resource: E 8.1.2 b), heifer pasture big enough for all heifers to freely express behaviours (PDF 24, printed 22)."
I019,FARM_v5,not_required,,,,,,related_resource,"Searched for allo, social grooming and groom. No standard names allo-grooming. The Daily Exercise rationale says exercise provides opportunities to express social grooming behaviors (PDF 36). Related requirement: the daily exercise standard (Chapter 3, PDF 36); the housing standard also requires visual contact with other cattle (PDF 41)."
I019,GAP_dairy,not_required,,,,,,,"Searched for allo-grooming, allogrooming, social grooming, licking and social. No standard names allo grooming. Appendix XI (PDF 76, printed 66) says that for GAP ""social contact with other individuals of the same species is expected"", in explaining which enrichment categories count; that is not a requirement to measure the behaviour. related_resource: 8.C.1 to 8.C.4 on pair or group housing of Calves (PDF 46, printed 36); 8.J.1, all Steps (PDF 49, printed 39), bull pens allowing ""sight, sound and odor of other cattle""."
I019,Certified_Humane,not_required,,,,,,,"Searched for allogrooming, allo-grooming, social licking, groom and social. No requirement names allogrooming. Related: E 23 a loafing areas for social behaviors (PDF 23, printed 14); FW 17 b group socialisation of calves by 8 weeks (PDF 15, printed 6); E 36 a bulls must have auditory, visual and olfactory interaction with other cattle (PDF 26, printed 17)."
I020,RSPCA_Assured,required,"The following health and welfare conditions, where applicable to the unit, must be listed in the VHWP (see standard H 1.4): a) metabolic disorders (hypocalcaemia, hypomagnesaemia, ketosis, displaced abomasum, bloat, acidosis)",H 1.5 a),PDF 45 (printed 43),,records_review,,"Names ketosis as a condition the VHWP must list. Under H 1.4 (PDF 45, printed 43) the VHWP must record the level of each listed condition for the farm, set a threshold limit and monitor it, which is a record of cases, so it names the clinical case incidence. The clause says ketosis without clinical or subclinical; subclinical ketosis is read from tests (I021, I022) and no test is named. how_checked is records_review: listed, recorded and monitored in the VHWP, a farm record. No number; H 1.4 e) leaves the threshold to the farm. The justification document (PDF 9, printed 7) names ketosis among production diseases the transition cow standards address. Rule 4 check: H 1.5 says where applicable to the unit; this follows whether the condition occurs on the farm, as any record of cases does, and is not limited to a housing type, a target or an optional module, so it is read as applying to every certified farm. Rule 5: the condition named without its form names this clinical incidence row only. Rule 11: H 1.4 requires the level to be recorded and monitored."
I020,FARM_v5,not_required,,,,,,related_resource,"Not required under rule 11. Ketosis is named only in the treatment protocol standard: ""The Herd Health Plan (HHP) includes a written protocol for treatment of the following common diseases: diarrhea, displaced abomasum (DA), ketosis, mastitis, milk fever, metritis, pneumonia, and any additional routinely occurring diseases identified by the veterinarian."" (Chapter 4, Treatment of Common Diseases, PDF 56). A treatment protocol alone does not name a case measure. The Treatment Records standard (Chapter 2, PDF 24) requires records of each treatment of ""the facility's common diseases"" with the ""Disease/condition being treated"", but it names no condition itself, so it does not count either. Searched every page for a requirement to record, monitor or report cases of the condition and found none; FARM's evaluation of the protocol standard reviews treatment records (PDF 56), which is a check, not a requirement to record cases. Both standards are related practice requirements."
I020,GAP_dairy,required,Operations must report to G.A.P. and to the Certifier the following data points every other month for all animals in their milking Herd: ... b. Incidence for each month (new cases) of: ... iii. Ketosis,5.H.4 (Cow Comfort Assessments and Reporting),PDF 37 (printed 27),every other month,records_review,,"Names new cases of ketosis per month. Marked at every Step, 1 to 5+, in the Step Level columns. Rule 5: ketosis named without its form names only the clinical case incidence row, I020, never the test rows I021 and I022. How checked: the standard says ""Operations must report to G.A.P. and to the Certifier"" these counts ""every other month"", so the certifier reviews farm reported records (records_review); 5.H.1 (PDF 37, printed 27) makes them part of the Cow Comfort Assessment, whose ""Completed assessments must be submitted to G.A.P. and to the Certifier"". No sensor or automated data is mentioned for these counts. Rule 11: the standard requires the farm to report cases of the named condition. The frequency ""every other month"" is recorded (rule 13). Related: 6.B.21, all Steps (PDF 40, printed 30), close-up cow diets adjusted ""to reduce the incidence of metabolic diseases associated with calving (e.g., udder edema, laminitis, ketosis, milk fever etc.)"", a practice."
I020,Certified_Humane,required,"The herd must be continually monitored for performance, including production diseases, infectious diseases, and injury as a result of housing/husbandry/handling, such as: 1. Metabolic Disorders (e.g., hypocalcemia, hypomagnesemia, ketosis, displaced abomasum, laminitis, bloat, acidosis, etc.)",H 1 a 1,PDF 34 (printed 25),,unspecified,,"H 1 a 1 names ketosis among the conditions the herd must be continually monitored for, so it names the clinical case incidence row (rules 5 and 11). It applies to every farm. how_checked is unspecified: H 1 a says the herd ""must be continually monitored"", and the numbered text after H 1 a 11 requires tolerance limits to be ""delineated in the Animal Health Plan"" (PDF 35, printed 26), but no numbered requirement says the monitored cases are recorded or how the inspector checks them. M 1 b makes health plans operations records available to the inspector (PDF 29, printed 20); that is the plan with its limits, not the cases. The records list in the Part 5 box (PDF 34, printed 25) does not include herd performance and is box text in any case (rule 2)."
I021,RSPCA_Assured,not_required,,,,,,,"Not named. H 1.5 a) names ketosis (I020) but no milk test; under rule 4.8 a ketosis requirement does not name milk fat to protein ratio. Searched: fat, protein, ratio, milk constituents, milk recording, ketone. related practice: M 2.7, all farms must be milk recorded using an ICAR approved milking system (PDF 32, printed 30); it names no milk constituent. related_resource: TC 1.1 b) and c), a transition cow section in the nutrition plan and gradual changes in nutrition (PDF 43, printed 41). Rule 5: a condition named without its form never names a row defined by a test."
I021,FARM_v5,not_required,,,,,,related_resource,"Searched for fat to protein, milk fat, milk constituents and milk recording. No standard names milk fat or the fat to protein ratio; the BCS science box mentions decreased milk fat and protein production (PDF 147), which is not a requirement. Related requirements: the ketosis treatment protocol in ""The Herd Health Plan (HHP) includes a written protocol for treatment of the following common diseases"" (Chapter 4, PDF 56), and Access to Feed (Chapter 3, PDF 32), whose rationale names nutritional management as prevention for ketosis. A ketosis requirement does not name a milk test. Under rule 5 the ketosis protocol could name only the clinical row I020, never a row defined by a test."
I021,GAP_dairy,not_required,,,,,,,"Searched for fat, protein, ratio, milk constituents, milk composition, components and DHI. No standard names milk fat, milk protein or their ratio. Rule 5: the ketosis incidence report in 5.H.4 (PDF 37, printed 27) names I020 and never a row defined by a test. related_resource: 6.B.21, all Steps (PDF 40, printed 30), close-up diets adjusted to reduce metabolic diseases including ketosis; 6.B.22, all Steps, ""palatable fibrous feedstuffs to ensure maintenance of good rumen health""."
I021,Certified_Humane,not_required,,,,,,,"Searched for fat to protein, fat:protein, milk fat, milk components, ketone and ketosis. No requirement names milk constituents for subclinical ketosis. H 1 a 1 names ketosis (PDF 34, printed 25), which names only I020 (rule 5). H 1 c production data in lbs. or kg (PDF 35, printed 26) is milk volume."
I022,RSPCA_Assured,not_required,,,,,,,"Not named. Searched: BHB, beta hydroxybutyrate, ketone, blood, urine, test. H 1.5 a) names ketosis (I020) but no blood or milk ketone test. The only blood tests named are haemoglobin in calves (FW(C) 1.14 to FW(C) 1.16, PDF 76 to 77, printed 74 to 75) and pregnancy tests (T 5.18.1, PDF 63, printed 61). Rule 5: a condition named without its form never names a row defined by a test."
I022,FARM_v5,not_required,,,,,,related_resource,"Searched for BHB, beta, ketone, blood and test. No standard names beta-hydroxybutyrate or a ketone test; the only blood test in the manual is calf passive immunity (PDF 88). Related requirements: the ketosis treatment protocol (Chapter 4, PDF 56) and Access to Feed (Chapter 3, PDF 32). A ketosis requirement does not name a blood or milk ketone test. Under rule 5 the ketosis protocol could name only the clinical row I020, never a row defined by a test."
I022,GAP_dairy,not_required,,,,,,,"Searched for beta-hydroxybutyrate, BHB, ketone, blood test and milk test. No standard names BHB or ketone testing. Rule 5: the ketosis incidence report in 5.H.4 (PDF 37, printed 27) names I020, not this test row. related_resource: 6.B.21, all Steps (PDF 40, printed 30), close-up diets adjusted to reduce the incidence of metabolic diseases including ketosis."
I022,Certified_Humane,not_required,,,,,,,"Searched for beta-hydroxybutyrate, BHB, BHBA, ketone, blood and urine. No requirement names a ketone test. H 1 a 1 names ketosis (PDF 34, printed 25), which names only I020 (rule 5). E 21 a allows close confinement for blood sampling (PDF 22, printed 13) and names no measure."
I023,RSPCA_Assured,required,Body condition scoring must be: a) undertaken at least four times per year at the following times during a cow’s production cycle: i. drying off ii. calving iii. 60 days post-calving iv. 100 days prior to drying off b) recorded in the VHWP for animals with scores below 2.0 or above 4.0.,H 4.2,PDF 50 (printed 48),at least four times per year; 60 days post-calving; 100 days prior to drying off; below 2.0 or above 4.0,records_review,,"Names body condition scoring with numbers. how_checked is records_review: b) says scores below 2.0 or above 4.0 are recorded in the VHWP, so the assessor checks recorded scores. Other requirements: H 4.1, body condition change planned, maintained and recorded in the VHWP (PDF 50, printed 48); H 4.3, the nutrition plan must say how BCS <2 and BCS ≥4 animals will be managed (PDF 50, printed 48); M 3.4 b), stock keepers must know body condition scoring (PDF 33, printed 31). In the Welfare Outcome Assessment (WA 1.1 a), Appendix 4 item 2, PDF 97, printed 95) the assessor visually scores 20 randomly selected cows as thin, moderate or fat on the Defra condition scoring method, which is visual_inspection. The RSPCA scale is the Defra 1 to 5 scale, not the Welfare Quality 0 to 2 scale."
I023,FARM_v5,required,Lactating Cattle: 99% or more of lactating cows observed have a body condition score of 2 or greater on FARM Body Condition Scorecard.,"Chapter 9: Animal Observations, Body Condition; FARM Body Condition Scorecard",PDF 146 (printed 146),99% or more of lactating cows observed have a body condition score of 2 or greater,visual_inspection,named_with_threshold,"Required. The standard makes the FARM Body Condition Scorecard (PDF 146 and 147) binding, so section names both (rule 3); it applies to the lactating cows of every certified farm (rules 4 and 6). Names body condition score with a number. FARM's scorecard for post-weaned heifers and cows runs 1 to 5 (PDF 147) and for calves 1 to 3 (PDF 146), described in words. The same page sets 99% or more at score 2 or greater for pre-weaned calves and weaned heifers. How checked, PDF 148: ""Observation: Observe and score animals to determine if the benchmark is met for each age class."" The Access to Feed standard is also checked by the BCS benchmark (PDF 33), and fitness to transport says not to transport animals with BCS less than two (PDF 67). FARM uses the score as a lower limit for thinness, while EFSA lists it under subclinical ketosis; no FARM text links it to ketosis."
I023,GAP_dairy,required,All animals must display an overall BCS of at least 2 on a 5-point scale for cows and 4-point scale for Calves and Heifers.,5.A.1 (Body Condition Scoring); Appendix III,PDF 33 (printed 23),at least 2 on a 5-point scale for cows and 4-point scale for Calves and Heifers,visual_inspection,,"Names body condition score with a number. Marked at every Step, 1 to 5+, in the Step Level columns. The scales are in Appendix III (PDF 64 to 66, printed 54 to 56), made binding by 5.H.3 a, 5.G.2 a, 5.G.5 a and 5.G.8 a ""Body Condition Score (see Appendix III)"" (rule 3): ""View each cow from the side and behind while they are standing"", 5 point scale from Edmonson et al. 1989 for cows and Heifers over 12 months, 4 point scale for younger animals. How checked: Appendix VIII (PDF 72, printed 62), made binding by 5.H.3 (""Operations must use the protocol and sampling strategy detailed in Appendix VIII""), says GAP ""requires animal-based outcome assessments for lactating cows to be conducted: i. by the third-party certifier, during the audit""; info note 5.H.1b (guidance, rule 2) adds ""Auditors will also conduct an animal assessment of the lactating Herd at the time of the audit"". Info note 6.B.14 (PDF 40, printed 30, guidance) adds ""This standard will be assessed using body condition scoring (Appendix III) and records where applicable"". The general clause on PDF 5 (printed v), ""Use of video technology is not a requirement but can be used in place of certain observations"", names no measure, so it does not make this row sensor_accepted. Related: 5.A.2, all Steps, animals under BCS 2 need a feeding plan or euthanasia, ""Records must be kept""; 10.B.1 (PDF 56, printed 46) bans transport below ""a body condition score of 2.0"". The Welfare Quality protocol scores 0, 1 or 2 and EFSA describes a 1 to 5 scale (indicators.csv notes); GAP uses its own 5 and 4 point scales."
I023,Certified_Humane,required,"At all times, animals must have a body condition score of at least 2.",FW 5 c,PDF 12 (printed 3),at least 2,unspecified,,"FW 5 c names body condition score for all animals and sets a minimum, with the 1 to 5 chart on PDF 12 (printed 3). It applies to every farm. how_checked is unspecified: no numbered requirement says who scores at inspection or that scores are recorded. Other requirements: FW 5 b body condition change ""must be carefully planned, monitored, and maintained"" (PDF 11, printed 2); FW 5 d and T 9 b no animal with a BCS of less than 2 may be transported (PDF 12, printed 3; PDF 42, printed 33); M 5 b 3 caretakers must be able to conduct body condition scoring (PDF 30, printed 21); H 1 a 10 Poor body condition is monitored (PDF 35, printed 26). The target ranges by stage of lactation are in a box and do not count (rule 2)."
I024,RSPCA_Assured,required,"The following health and welfare conditions, where applicable to the unit, must be listed in the VHWP (see standard H 1.4): a) metabolic disorders (hypocalcaemia, hypomagnesaemia, ketosis, displaced abomasum, bloat, acidosis)",H 1.5 a),PDF 45 (printed 43),,records_review,,"Names displaced abomasum as a condition the VHWP must list, with the level recorded, thresholded and monitored under H 1.4 (PDF 45, printed 43), which is a record of cases, so it names the clinical case incidence. The clause says displaced abomasum without left or right, while the EFSA row is left displaced abomasum; under rule 5 displaced abomasum names I024. how_checked is records_review (listed, recorded and monitored in the VHWP). The justification document (PDF 9, printed 7) names left displaced abomasum among production diseases of transition cows. Rule 4 check: H 1.5 says where applicable to the unit; this follows whether the condition occurs on the farm, as any record of cases does, and is not limited to a housing type, a target or an optional module, so it is read as applying to every certified farm. Rule 5: the condition named without its form names this clinical incidence row only. Rule 11: H 1.4 requires the level to be recorded and monitored."
I024,FARM_v5,not_required,,,,,,related_resource,"Not required under rule 11. Displaced abomasum (DA) is named only in the treatment protocol standard: ""The Herd Health Plan (HHP) includes a written protocol for treatment of the following common diseases: diarrhea, displaced abomasum (DA), ketosis, mastitis, milk fever, metritis, pneumonia, and any additional routinely occurring diseases identified by the veterinarian."" (Chapter 4, Treatment of Common Diseases, PDF 56). A treatment protocol alone does not name a case measure. The Treatment Records standard (Chapter 2, PDF 24) requires records of each treatment of ""the facility's common diseases"" with the ""Disease/condition being treated"", but it names no condition itself, so it does not count either. Searched every page for a requirement to record, monitor or report cases of the condition and found none; FARM's evaluation of the protocol standard reviews treatment records (PDF 56), which is a check, not a requirement to record cases. Both standards are related practice requirements. FARM does not say left displaced abomasum."
I024,GAP_dairy,required,Operations must report to G.A.P. and to the Certifier the following data points every other month for all animals in their milking Herd: ... b. Incidence for each month (new cases) of: ... vi. Displaced Abomasum,5.H.4 (Cow Comfort Assessments and Reporting),PDF 37 (printed 27),every other month,records_review,,"Names new cases of displaced abomasum per month. Marked at every Step, 1 to 5+, in the Step Level columns. Rule 5: displaced abomasum named without its form names I024; EFSA also writes ""displaced abomasum (LDA)"" in the title of Table 46 (EFSA PDF 75). How checked: the standard says ""Operations must report to G.A.P. and to the Certifier"" these counts ""every other month"", so the certifier reviews farm reported records (records_review); 5.H.1 (PDF 37, printed 27) makes them part of the Cow Comfort Assessment, whose ""Completed assessments must be submitted to G.A.P. and to the Certifier"". No sensor or automated data is mentioned for these counts. Rule 11: the standard requires the farm to report cases of the named condition. The frequency ""every other month"" is recorded (rule 13)."
I024,Certified_Humane,required,"The herd must be continually monitored for performance, including production diseases, infectious diseases, and injury as a result of housing/husbandry/handling, such as: 1. Metabolic Disorders (e.g., hypocalcemia, hypomagnesemia, ketosis, displaced abomasum, laminitis, bloat, acidosis, etc.)",H 1 a 1,PDF 34 (printed 25),,unspecified,,"H 1 a 1 names displaced abomasum among the conditions the herd must be continually monitored for, which names I024 (rules 5 and 11). It applies to every farm. how_checked is unspecified: H 1 a says the herd ""must be continually monitored"", and the numbered text after H 1 a 11 requires tolerance limits to be ""delineated in the Animal Health Plan"" (PDF 35, printed 26), but no numbered requirement says the monitored cases are recorded or how the inspector checks them. M 1 b makes health plans operations records available to the inspector (PDF 29, printed 20); that is the plan with its limits, not the cases. The records list in the Part 5 box (PDF 34, printed 25) does not include herd performance and is box text in any case (rule 2)."
I025,RSPCA_Assured,not_required,,,,,,,"Not named. H 1.5 a) names acidosis as a condition but no milk constituent test; under rule 4.8 a condition requirement does not name the milk fat or fat to protein test. Searched: fat, protein, ratio, milk constituents, SARA, acidosis. related_resource: FW 1.7, fibre of such quality and length as to help avoid acidosis (PDF 7, printed 5); E 8.2 d), provisions before turnout to minimise the risk of acidosis and bloat (PDF 24, printed 22). related practice: M 2.7, milk recording with an ICAR approved milking system (PDF 32, printed 30). Rule 5: a condition named without its form never names a row defined by a test."
I025,FARM_v5,not_required,,,,,,not_named,"Searched for acidosis, SARA, rumen and milk fat. Acidosis appears only in a reference title (PDF 47); rumen appears only for calf rumen development (PDF 30, 91, 100). No standard names subacute ruminal acidosis or milk constituents for it. Under rule 5 a test defined row is named only by a requirement naming the test."
I025,GAP_dairy,not_required,,,,,,,"Searched for acidosis, SARA, ruminal, rumen, fat and protein. No standard names subacute ruminal acidosis or milk constituents. related_resource: 6.B.22, all Steps (PDF 40, printed 30), ""All cows must have access to palatable fibrous feedstuffs to ensure maintenance of good rumen health""; 6.B.21, all Steps, close-up diets adjusted to reduce metabolic diseases."
I025,Certified_Humane,not_required,,,,,,,"Searched for acidosis, SARA, milk fat, fat to protein and milk components. No requirement names milk constituents for subacute ruminal acidosis. Acidosis in H 1 a 1 (PDF 34, printed 25) and FW 7 b ""prevent acidosis"" (PDF 12, printed 3) name the condition without the test, which never names a test row (rule 5). The boxed H 5 advice on sub-clinical rumen acidosis (PDF 36, printed 27) does not count (rule 2)."
I026,RSPCA_Assured,not_required,,,,,,,"Not named. Searched: rumen, pH, rumenocentesis, sample. The only rumen mention is FW(C) 1.9 on rumen development in calves (PDF 76, printed 74); the only pH limits are for drinking water (information box, PDF 10, printed 8) and silage for calves (FW(C) 1.12, PDF 76, printed 74). H 1.5 a) names acidosis as a condition, not a rumen pH test. related_resource: FW 1.7 (PDF 7, printed 5). Rule 5: a condition named without its form never names a row defined by a test."
I026,FARM_v5,not_required,,,,,,not_named,"Searched for rumen pH, rumenocentesis, acidosis and pH. No standard names rumen pH; pH appears only in guidance to test calf water (PDF 92). Under rule 5 a test defined row is named only by a requirement naming the test."
I026,GAP_dairy,not_required,,,,,,,"Searched for rumen, pH, rumenocentesis and acidosis. No standard names rumen pH or rumenocentesis. related_resource: 6.B.22, all Steps (PDF 40, printed 30), palatable fibrous feedstuffs ""to ensure maintenance of good rumen health""."
I026,Certified_Humane,not_required,,,,,,,"Searched for rumen pH, rumenocentesis, pH and acidosis. No requirement names rumen pH by rumenocentesis. Acidosis in H 1 a 1 (PDF 34, printed 25) and FW 7 b (PDF 12, printed 3) does not name a test row (rule 5). FW 27 b mentions ruminal pH as background in the optional Grass-Fed section (PDF 17, printed 8) and names no measurement."
I027,RSPCA_Assured,not_required,,,,,,,"Not named. Searched: bolus, rumen, pH, sensor, automated. No requirement names a rumen bolus or accepts bolus data. H 1.5 a) names acidosis as a condition, not a rumen pH measure. related_resource: FW 1.7 (PDF 7, printed 5). Rule 5: a condition named without its form never names a row defined by a test."
I027,FARM_v5,not_required,,,,,,not_named,"Searched for bolus, rumen pH and acidosis. Bolus does not occur in the manual apart from a drug name (PDF 16). No standard names rumen pH or a rumen bolus. Under rule 5 a test defined row is named only by a requirement naming the test."
I027,GAP_dairy,not_required,,,,,,,"Searched for rumen, pH, bolus and acidosis. No standard names rumen pH or a rumen bolus. The word bolus appears only in the definitions of EID and RFID, ""An ear tag (or a bolus)"" used for identification (PDF 97 to 98, printed 87 to 88), which is not a pH measure. related_resource: 6.B.22, all Steps (PDF 40, printed 30), feedstuffs for rumen health."
I027,Certified_Humane,not_required,,,,,,,"Searched for bolus, rumen pH, sensor, pH and acidosis. No requirement names a rumen pH bolus or any sensor for acidosis. Acidosis in H 1 a 1 (PDF 34, printed 25) and FW 7 b (PDF 12, printed 3) does not name a test row (rule 5)."
I028,RSPCA_Assured,required,"The following health and welfare conditions, where applicable to the unit, must be listed in the VHWP (see standard H 1.4): a) metabolic disorders (hypocalcaemia, hypomagnesaemia, ketosis, displaced abomasum, bloat, acidosis)",H 1.5 a),PDF 45 (printed 43),,records_review,,"Names hypocalcaemia as a condition the VHWP must list, with the level recorded, thresholded and monitored under H 1.4 (PDF 45, printed 43), which is a record of cases, so it names the clinical case incidence. how_checked is records_review. The clause does not separate clinical from subclinical hypocalcaemia (see I029). Rule 4 check: H 1.5 says where applicable to the unit; this follows whether the condition occurs on the farm, as any record of cases does, and is not limited to a housing type, a target or an optional module, so it is read as applying to every certified farm. Rule 5: the condition named without its form names this clinical incidence row only. Rule 11: H 1.4 requires the level to be recorded and monitored."
I028,FARM_v5,not_required,,,,,,related_resource,"Not required under rule 11. Milk fever is named only in the treatment protocol standard: ""The Herd Health Plan (HHP) includes a written protocol for treatment of the following common diseases: diarrhea, displaced abomasum (DA), ketosis, mastitis, milk fever, metritis, pneumonia, and any additional routinely occurring diseases identified by the veterinarian."" (Chapter 4, Treatment of Common Diseases, PDF 56). A treatment protocol alone does not name a case measure. The Treatment Records standard (Chapter 2, PDF 24) requires records of each treatment of ""the facility's common diseases"" with the ""Disease/condition being treated"", but it names no condition itself, so it does not count either. Searched every page for a requirement to record, monitor or report cases of the condition and found none; FARM's evaluation of the protocol standard reviews treatment records (PDF 56), which is a check, not a requirement to record cases. Both standards are related practice requirements. Under rule 5 milk fever would point to this clinical row, not to I029 or I056."
I028,GAP_dairy,required,Operations must report to G.A.P. and to the Certifier the following data points every other month for all animals in their milking Herd: ... b. Incidence for each month (new cases) of: ... ii. Milk Fever,5.H.4 (Cow Comfort Assessments and Reporting),PDF 37 (printed 27),every other month,records_review,,"Names new cases of milk fever per month. Marked at every Step, 1 to 5+, in the Step Level columns. Rule 5: milk fever names the clinical case incidence row I028 only, not the subclinical row I029; EFSA writes ""Hypocalcaemia, also termed milk fever"" (EFSA PDF 74). How checked: the standard says ""Operations must report to G.A.P. and to the Certifier"" these counts ""every other month"", so the certifier reviews farm reported records (records_review); 5.H.1 (PDF 37, printed 27) makes them part of the Cow Comfort Assessment, whose ""Completed assessments must be submitted to G.A.P. and to the Certifier"". No sensor or automated data is mentioned for these counts. Rule 11: the standard requires the farm to report cases of the named condition. The frequency ""every other month"" is recorded (rule 13). Related: 6.B.21, all Steps (PDF 40, printed 30), close-up diets adjusted to reduce metabolic diseases including milk fever."
I028,Certified_Humane,required,"The herd must be continually monitored for performance, including production diseases, infectious diseases, and injury as a result of housing/husbandry/handling, such as: 1. Metabolic Disorders (e.g., hypocalcemia, hypomagnesemia, ketosis, displaced abomasum, laminitis, bloat, acidosis, etc.)",H 1 a 1,PDF 34 (printed 25),,unspecified,,"H 1 a 1 names hypocalcemia among the conditions the herd must be continually monitored for, which names the clinical case incidence row I028 and not the subclinical row I029 (rules 5 and 11). It applies to every farm. how_checked is unspecified: H 1 a says the herd ""must be continually monitored"", and the numbered text after H 1 a 11 requires tolerance limits to be ""delineated in the Animal Health Plan"" (PDF 35, printed 26), but no numbered requirement says the monitored cases are recorded or how the inspector checks them. M 1 b makes health plans operations records available to the inspector (PDF 29, printed 20); that is the plan with its limits, not the cases. The records list in the Part 5 box (PDF 34, printed 25) does not include herd performance and is box text in any case (rule 2)."
I029,RSPCA_Assured,not_required,,,,,,,"Not required under rule 5: H 1.5 a) (PDF 45, printed 43) names hypocalcaemia without its form, which names only the clinical incidence row I028 and never the subclinical row. No blood calcium test is named (see I056). Searched: hypocal, calcium, milk fever, blood, subclinical. related_resource: TC 1.1 b), a transition cow section in the nutrition plan (PDF 43, printed 41)."
I029,FARM_v5,not_required,,,,,,related_resource,"Searched for hypocalc, calcium, subclinical and milk fever. Hypocalcemia appears only in science text (PDF 84 and 112). No standard names subclinical hypocalcaemia. Related requirement: the milk fever treatment protocol (Chapter 4, Treatment of Common Diseases, PDF 56), which names the clinical disease only. Under rule 5 milk fever never names a subclinical row."
I029,GAP_dairy,not_required,,,,,,,"Searched for hypocalcaemia, milk fever, calcium and subclinical. Rule 5: the only candidate, 5.H.4 (PDF 37, printed 27), which asks for monthly new cases of ""Milk Fever"", names the clinical row I028 and never the subclinical row I029. No standard names subclinical hypocalcaemia or a blood calcium test. related_resource: 6.B.21, all Steps (PDF 40, printed 30), close-up diets adjusted to reduce metabolic diseases including milk fever."
I029,Certified_Humane,not_required,,,,,,,"Searched for subclinical, hypocalcemia, calcium and milk fever. No requirement names subclinical hypocalcaemia. H 1 a 1 names hypocalcemia without its form (PDF 34, printed 25), which names only I028 and never a subclinical row (rule 5)."
I030,RSPCA_Assured,required,There must be sufficient drinking space (mm per head) for at least 10% of a group to drink at the same time.,FW 2.4,PDF 10 (printed 8),at least 10%,unspecified,,"Names water provision, the Welfare Quality resource measure of drinking places per animal. FW 2.4.1 (PDF 10, printed 8) sets minimum drinking length per head by weight (601 to 700 mm for cattle over 500 kg); FW 2.5 requires a sufficient number of drinking sites (PDF 11, printed 9); FW 2.6 requires at least 2 drinkers or bowls for up to 10 cattle in isolation pens or short term housing (PDF 11, printed 9). Counts under rule 7. how_checked is unspecified: the text does not say how drinking space is checked. The justification document (PDF 4, printed 2) gives competition for water as the reason. Rule 8 would let visual_inspection cover an assessor observing the resource, but no RSPCA text says the assessor does so, so unspecified stands."
I030,FARM_v5,required,"Apart from pre-weaned calves, all other age classes of animals have access to clean water appropriate for climatic conditions.","Chapter 3: Facility Observations, Access to Water",PDF 30 (printed 30),,visual_inspection,named,"Required under rule 7: the requirement names this resource measure and applies to every certified farm. Names water provision (access to water) for the resource based measure, with no number: no count of water points or trough length per animal. The rationale (PDF 30) suggests at least twice daily access to satiation where continuous access is not possible, but that is not in the standard. How checked, PDF 31: Document Review, Interview and ""Observation: Observing all watering mechanisms for access and cleanliness (must pass visual cleanliness test)."" The evaluator inspects the watering equipment; under rule 8 observing the resource is visual_inspection. Pre-weaned calves have a separate protocol standard for water by day 3 (Chapter 5, PDF 91)."
I030,GAP_dairy,required,"All animals must have continuous access to clean water indoors, outdoors and on Pasture",6.A.1 (Water Availability),PDF 38 (printed 28),,unspecified,,"Names water provision, read as access to water, for this resource based measure (rule 7). Marked at every Step, 1 to 5+, in the Step Level columns. GAP sets no count of water points and no trough length per animal, which the Welfare Quality measure checks (protocol PDF 24), so the naming is of provision in general. Info notes: ""Dry cows cannot be restricted access to water"", ""Water must be provided in every Outdoor Pen/Yard"" and ""in each Pasture area"". How checked: GAP gives no method for this standard; the general statement that the on-farm audit focuses on ""the animals, their environment and management"" (PDF 5, printed v) does not say the water supply is observed, so unspecified (rule 8 needs the text to say the assessor observes the resource). Related: 8.R.6, Steps 1 to 3 (PDF 51, printed 41), continuous access to water in Outdoor Yards/Pens where these are provided; 3.E.2 e (PDF 21, printed 11), sick animals able to access water or kept hydrated; 10.A.1 (PDF 56, printed 46) water until loading."
I030,Certified_Humane,required,"All cattle must be provided with free access to an adequate supply of clean, fresh drinking water each day, except when directed by a veterinarian.",FW 20,PDF 15 (printed 6),each day,unspecified,,"FW 20 names the provision of water to all cattle, the resource based water provision measure (rule 7). It applies to every farm. It sets no number of drinkers or trough length per animal, which the Welfare Quality measure counts. how_checked is unspecified: no numbered requirement says how it is checked. Other requirements: FW 22 a water always available on pasture (PDF 15, printed 6); FW 22 b water around milking facilities (PDF 16, printed 7); FW 23 emergency water supply (PDF 16, printed 7); FW 12 c calves (PDF 13, printed 4); E 30 a calving areas (PDF 25, printed 16). The trough height of 24 to 30 inches is box text (PDF 15, printed 6) and does not count (rule 2)."
I031,RSPCA_Assured,required,All drinking facilities must be: a) kept thoroughly clean,FW 2.7 a),PDF 12 (printed 10),,unspecified,,"Names cleanliness of water points. how_checked is unspecified: the text does not say how cleanliness is checked. Also FW 2.1, continuous access to clean, fresh drinking water (PDF 9, printed 7); FW 1.15, feeding and watering equipment maintained so that contamination is minimised (PDF 9, printed 7); FW(C) 2.4, calf drinking vessels managed hygienically (PDF 78, printed 76). FW 2.2 and FW 2.2.1 require testing of non mains water with records kept 2 years (PDF 9, printed 7); that is water quality, not the cleanliness of the water point. Counts under rule 7. Rule 8 would let visual_inspection cover an assessor observing the resource, but no RSPCA text says the assessor does so, so unspecified stands."
I031,FARM_v5,required,"Apart from pre-weaned calves, all other age classes of animals have access to clean water appropriate for climatic conditions.","Chapter 3: Facility Observations, Access to Water",PDF 30 (printed 30),,visual_inspection,named,"Required under rule 7: the requirement names this resource measure and applies to every certified farm. Names cleanliness of the water (""clean water""), no number. The background on PDF 30 defines water as too dirty when significantly soiled or contaminated with feces, dirt, mud or manure, or with algae growing. How checked, PDF 31: ""Observation: Observing all watering mechanisms for access and cleanliness (must pass visual cleanliness test)."" The calf water standard is checked the same way (PDF 92). Under rule 8 observing the equipment is visual_inspection. This evaluation is what ties ""clean water"" to the cleanliness of the water points (rules 6 and 8)."
I031,GAP_dairy,required,Drinkers and water troughs must be kept clean and free of debris.,6.A.2 (Water Availability),PDF 38 (printed 28),,unspecified,,"Names cleanliness of water points, the subject of this resource based measure, with no number (rule 7). Marked at every Step, 1 to 5+, in the Step Level columns. How checked: GAP gives no method for this standard and does not say the drinkers are observed, so unspecified (rule 8). Related: 6.A.1 ""continuous access to clean water""; 6.C.1, all Steps (PDF 40, printed 30), ""Feeding equipment must be kept clean""."
I031,Certified_Humane,required,Water troughs must be kept clean.,FW 21 a,PDF 15 (printed 6),,unspecified,,"FW 21 a names the cleanliness of water troughs, the water point cleanliness measure (rule 7). It applies to every farm. how_checked is unspecified: no check is stated. Related: FW 21 c watering equipment maintained so that contamination of the water is minimized (PDF 15, printed 6); FW 20 ""clean, fresh drinking water"" (PDF 15, printed 6)."
I032,RSPCA_Assured,required,"When cattle are housed, the flow rate of water delivery systems must allow 10% of the herd to drink at any one time.",FW 2.3,PDF 10 (printed 8),10%,unspecified,,"Names water flow: the flow rate of water delivery systems. how_checked is unspecified: no text says how flow is checked. The information box after FW 2.1 recommends a flow rate of at least 10 l/min (PDF 9, printed 7); a recommendation, not a standard. The justification document (PDF 5, printed 3) explains the delivery rate standard. Counts under rule 7. Rule 8 would let visual_inspection cover an assessor observing the resource, but no RSPCA text says the assessor does so, so unspecified stands. Rule 4 check: FW 2.3 applies when cattle are housed, a period and not a housing type; E 1.5 forbids outwintering without written permission from the RSPCA Farm Animals Department (PDF 13, printed 11), so every certified farm houses cattle unless it holds that permission."
I032,FARM_v5,not_required,,,,,,related_resource,"Searched for flow, refill rate, litres and gallons. No standard names water flow; the background says water does not need to be available at all times (PDF 30). Related requirement: the Access to Water standard (Chapter 3, PDF 30). Under rule 7 a requirement naming water flow would count; FARM sets none."
I032,GAP_dairy,not_required,,,,,,,"Searched for flow, flow rate, litres per minute and refill. No standard names water flow. related_resource: 6.A.1, all Steps (PDF 38, printed 28), ""continuous access to clean water""; 1.D.1 f (PDF 13, printed 3), emergency procedures for ""water shut off (if applicable)""."
I032,Certified_Humane,not_required,,,,,,,"Searched for flow, flow rate, litres, liters per minute and dispensing. No requirement names water flow. FW 21 d requires automatic systems to be checked ""to ensure that they are dispensing water effectively"" (PDF 15, printed 6), which names whether automatic drinkers work and no flow. Related: FW 20 adequate supply (PDF 15, printed 6); M 18 a daily check of automatic equipment (PDF 33, printed 24)."
I033,RSPCA_Assured,required,All drinking facilities must be: a) kept thoroughly clean b) managed in a way which ensures that they are capable of dispensing sufficient water at all times.,FW 2.7 b),PDF 12 (printed 10),,unspecified,,"Names functioning of water points: b) requires drinking facilities to be capable of dispensing sufficient water at all times. how_checked is unspecified. Also M 7.2, all automatic equipment inspected at least once a day (PDF 36, printed 34); FW 2.10, an emergency supply if normal supplies fail (PDF 12, printed 10); FW(C) 2.3, calf troughs and bowls capable of delivering sufficient water at all times (PDF 78, printed 76). Counts under rule 7. Rule 8 would let visual_inspection cover an assessor observing the resource, but no RSPCA text says the assessor does so, so unspecified stands."
I033,FARM_v5,not_required,,,,,,related_resource,"Searched for function, working and broken. No standard names functioning of water points; working order appears only for electrical equipment (PDF 48). Related requirement: the Access to Water standard (Chapter 3, PDF 30), whose evaluation observes all watering mechanisms for access and cleanliness (PDF 31). Under rule 7 a requirement naming the functioning of water points would count; FARM sets none."
I033,GAP_dairy,not_required,,,,,,,"Searched for function, functioning, working order, broken and drinker. No standard names the functioning of water points; ""proper working order"" appears only for milking equipment in 7.C.1 (PDF 41, printed 31). related_resource: 6.A.1, all Steps (PDF 38, printed 28), ""continuous access to clean water""; 6.A.2, drinkers kept clean and free of debris; 1.D.2 (PDF 13, printed 3), alternative power or fail safe device where power runs watering systems."
I033,Certified_Humane,not_required,,,,,,,"Searched for functioning, working, broken, automatic, drinker and dispensing. FW 21 d ""Automatic systems must be checked daily to ensure that they are dispensing water effectively."" (PDF 15, printed 6) names whether automatic waterers work, but it covers only farms with automatic watering systems, not every certified farm, so it does not count (rule 4, read as for a requirement limited to one housing type). No requirement for every farm names the functioning of water points. Related: M 18 a all automatic equipment inspected at least daily by a caretaker (PDF 33, printed 24); FW 21 b water sources protected from freezing (PDF 15, printed 6); FW 20 free access to an adequate supply of water (PDF 15, printed 6)."
I034,RSPCA_Assured,not_required,,,,,,,"No requirement names animals colliding with housing equipment during lying down. Searched: collid, collision, contact, hit, lying down. The rising protocol box after E 5.9.1 (PDF 20, printed 18) scores contact with the cubicle structures whilst rising, which is the getting up movement (I015), not lying down. related_resource: E 5.9, change of position without injury; E 5.11 c), cubicle divisions designed to prevent injury; E 5.13, flexible lower rails where cubicles are narrower than ideal (all PDF 20, printed 18). Rule 10: cubicle provisions stating the outcome they allow do not name the measure."
I034,FARM_v5,not_required,,,,,,related_resource,"Searched for collid, collision, contact and lunge. No standard names collisions with housing equipment. Related requirement: ""Housing allows all age classes to easily stand up, lie down, and have visual contact with other cattle without risk of injury."" (Chapter 3, Housing Characteristics, PDF 41); its guidance (PDF 42, not a standard) suggests checking for marks that show contact with surfaces or objects."
I034,GAP_dairy,not_required,,,,,,,"Searched for collide, collision, equipment and lying down. No standard names animals colliding with housing equipment. related_resource: 8.E.1, all Steps (PDF 47, printed 37), housing must allow animals to ""stand, lie, rise, and rest without injury or pain""; 8.G.3, Step 1 (PDF 48, printed 38), the same for Free Stalls; 8.N.1, all Steps (PDF 50, printed 40), ""Equipment, fittings, fences, stalls, gates, and other items in the animals' environment must be maintained to not cause them injury"". Rule 10: these are housing provisions even where they state the outcome they allow, so they do not name the animal measure."
I034,Certified_Humane,not_required,,,,,,,"Searched for collision, collide, hit, bump, lunge and lying down. No requirement names collisions with housing equipment during lying down. Related provisions (rule 10): E 17 d 1 cattle change from standing to lying down ""without difficulty or injury"" (PDF 21, printed 12); E 26 b forward lunging area of 2 feet and E 26 c stall design to prevent injury (PDF 24, printed 15). The note under E 27 on freestall problems (PDF 24, printed 15) is box text and names becoming stuck and injury, not collisions. Boxed text is not a standard: the guide on PDF 10 (printed 1) says ""The numbered requirements are the standards"" and ""Boxed sections provide additional information"", so box text does not count (rule 2)."
I035,RSPCA_Assured,not_required,,,,,,,"No requirement names cows lying partly or completely outside the lying area. Searched: outside, partly, lying area, 4 feet. related_resource: E 5.8, animals using cubicles must be able to stand with all 4 feet in the dry cubicle; E 5.10, cubicle constructed so the animal does not stand or lie so far forward that it soils the back of the cubicle; E 5.11 a), divisions align a cow in her own cubicle (all PDF 20, printed 18). These are cubicle design rules, and E 5.8 is about standing. The justification document (PDF 7, printed 5) explains E 5.8 as reducing cows standing with two feet out of the cubicle. Rule 10: cubicle provisions stating the outcome they allow do not name the measure."
I035,FARM_v5,not_required,,,,,,related_resource,"Searched for outside, alley, lying area and posture. No standard names lying partly or completely outside the lying area. Related requirements: the housing standard (Chapter 3, PDF 41), whose evaluation observes whether animals can adopt normal resting postures (PDF 42), and the resting area standard (Chapter 3, PDF 44)."
I035,GAP_dairy,not_required,,,,,,,"Searched for outside the lying area, lying in alleys, passageway and lying area. No standard names animals lying partly or completely outside the lying area. related_resource: 8.E.2, all Steps (PDF 47, printed 37), ""Weaned Calves, Heifers and cows must always have access to a lying area that is dry and well bedded""; 8.G.1, Step 1 (PDF 48, printed 38), stall ratio not over 1.2:1, and 8.G.2 1:1 at Steps 2 to 5+; 8.H.2, all Steps, minimum bedded rest area per cow."
I035,Certified_Humane,not_required,,,,,,,"Searched for lying outside, half-in, partly, perching and fit on the bed. E 17 d 2, ""When lying, all of the animal’s body must fit on the bed, including the hocks and udder."" (PDF 21, printed 12), is worded as a lying area provision, so it is related and does not name the measure (rule 10). The closest wording, ""becoming stuck in or lying half-in and half-out of them"" in the note under E 27 (PDF 24, printed 15), is box text. Boxed text is not a standard: the guide on PDF 10 (printed 1) says ""The numbered requirements are the standards"" and ""Boxed sections provide additional information"", so box text does not count (rule 2)."
I036,RSPCA_Assured,required,"Visually assess the one randomly selected side of the animal and behind, only including the hind quarters to coronary band and udder: Scoring: 0 = Clean No dirt or only minor splashing present 2 = Very Dirty An area of dirtiness (i.e. layer or plaques of dirt) amounting to at least forearm length (40cm) in any dimension.",WA 1.1 a); Appendix 4 item 3 (Cleanliness),PDF 98 (printed 96),40cm,visual_inspection,,"Names cleanliness of udders: item 3, required by WA 1.1 a) (PDF 57, printed 55), has the assessor visually score cleanliness of an area that names the udder, on 20 randomly selected cows (PDF 98, printed 96). how_checked is visual_inspection (Visually assess; scheme personnel under WA 1.1 d) ii). It is one score for the whole area, not a separate udder score. Other requirements naming udder cleanliness: E 9.2 a), prior to application of the cluster udders and teats must be clean and dry (PDF 26, printed 24); H 7.4, cows must be clean at calving, paying particular attention to udder and teats (PDF 52, printed 50). related_resource: E 5.4, a clean, dry cubicle bed (PDF 19, printed 17); E 8.5, pasture managed so that the cattle are kept clean (PDF 25, printed 23). Rule 3: the protocol is binding through WA 1.1 a), which applies at every scheme assessment visit (WA 1.1 c)). Rule 9: the item's own text lists the udder."
I036,FARM_v5,not_required,,,,,,related_resource,"Not required under rule 9. The nearest requirement is ""Lactating Cows: 90% or more of lactating cows observed score 2 or less on the FARM Hygiene Scorecard."" (Chapter 9, Hygiene, PDF 160). The scorecard (PDF 161) gives one score for mud or manure ""in areas A or B""; its text lists no body region, and the areas are shown only in a figure, so the score does not name the udder. Welfare Quality scores udder, flank/upper legs and lower legs separately. The same 90% benchmark is set for pre-weaned calves, weaned heifers and dry cows (PDF 160). Related requirement: ""All age classes of animals have a resting area that is clean, dry, provides adequate cushion at all times, and does not pose risk of injury."" (Chapter 3, Resting Areas, PDF 44), whose evaluation uses hygiene scores ""as an animal-based measure of environment cleanliness""; the calving area must also be clean (Chapter 5, PDF 108)."
I036,GAP_dairy,required,"The percentage of animals that score 2 (dirty) for cleanliness, must not exceed 3% at any one time for each of the following: a. unweaned Calves; b. Heifers (weaned Calves to first calving); c. dry cows; and b. milking Herd.",5.E.1 (Cleanliness); Appendix VII,PDF 35 (printed 25),score 2 (dirty); 3% at any one time,visual_inspection,,"Names cleanliness of the udder with a number (rules 3 and 9). Marked at every Step, 1 to 5+, in the Step Level columns. The score is Appendix VII (PDF 70, printed 60), made binding by 5.H.3 c, 5.G.5 c and 5.G.8 c ""Cleanliness Score (see Appendix VII)"". Its text says Heifers and cows are assessed on ""the lower legs, hind quarters and udder and teats"", the scorecard columns are headed ""Back, flank and Tail"", ""Lower hind leg"" and ""Udder"", and ""Compliance to the standard will be determined by assessing the score in each column"". The udder is listed in the text and as the ""Udder"" column, which also names ""udder health concerns (udder cleanliness)"". Also at all Steps, 5.E.2 (PDF 35): ""The percentage of animals that score 3 (very dirty) for cleanliness, must not exceed 1% at any one time"". The quote keeps GAP's own lettering, which repeats b. 5.E.1 covers dry cows and the milking Herd, so the same animals as the indicator (rule 6). How checked: Appendix VII ""animals are to be assessed from the side and rear view of the animal""; Appendix VIII (PDF 72, printed 62), binding through 5.H.3, assessments ""by the third-party certifier, during the audit""; info note 8.E.2 (PDF 47, printed 37, guidance) ""This standard will be assessed by the auditors using the cleanliness score in Appendix VII"". The general clause on PDF 5 (printed v), ""Use of video technology is not a requirement but can be used in place of certain observations"", names no measure, so it does not make this row sensor_accepted."
I036,Certified_Humane,unsure,"The highest standards of hygiene must be practiced in the parlor to reduce risk of infection: a. Udder, teats, and flanks should be clean, dry, and free from sores on entry into the parlor;",E 34 a,PDF 25 (printed 16),,,,"Candidate E 34 a names clean udders on entry into the parlor. Reading 1: it names udder cleanliness for every milking cow, so required. Reading 2: it is advice (""should"") or limited to parlor milking, so not_required. Two points are not settled by the rules of 8 October 2026. First, item a uses ""should"" inside a numbered standard whose stem uses ""must""; rule 2 excludes only boxes and text marked as not a standard, and says nothing about ""should"" in numbered text. Second, E 34 sits under J. Milking Parlor; rule 4 excludes requirements limited to one housing type, and the rules do not say whether a milking parlor section applies to every certified farm. how_checked is left empty because no numbered requirement says how it is checked. Not counted: E 19 c ""Cow cleanliness must be monitored daily and recorded weekly. Refer to Appendix 5 for proper hygiene scoring."" (PDF 22, printed 13) applies only to compost bedded pack housing (rule 4). E 24 a ""Cows and calves must be kept clean."" (PDF 23, printed 14) applies to all farms but names no body region (rule 6). The note ""There is a serious problem if more than 5% of the cows have soil on their bellies or udders."" (PDF 24, printed 15) is box text (rule 2)."
I037,RSPCA_Assured,unsure,"Visually assess the one randomly selected side of the animal and behind, only including the hind quarters to coronary band and udder: Scoring: 0 = Clean No dirt or only minor splashing present 2 = Very Dirty An area of dirtiness (i.e. layer or plaques of dirt) amounting to at least forearm length (40cm) in any dimension.",WA 1.1 a); Appendix 4 item 3 (Cleanliness),PDF 98 (printed 96),40cm,visual_inspection,,"Candidate: Appendix 4 item 3, binding through WA 1.1 a) (PDF 57, printed 55) under rule 3: one visual cleanliness score for one randomly selected side and behind, covering the hind quarters to coronary band and udder, very dirty at 40cm or more. The text lists the hind quarters, the coronary band and the udder; the score sheet (PDF 102, printed 100) lists no region for cleanliness. Reading 1, required: the listed span from the hind quarters down to the coronary band takes in the upper hind legs, so cleanliness of the upper legs is scored. Reading 2, not required: the flank and upper legs are not listed, and hind quarters is not a direct synonym of flank and upper legs (rule 6). Rule 9 does not say whether a listed span names the parts inside it. how_checked is visual_inspection either way: the protocol says Visually assess, and scheme personnel carry it out (WA 1.1 d) ii). related_resource: E 8.5, pasture managed so that the cattle are kept clean (PDF 25, printed 23); E 5.4, a clean, dry cubicle bed (PDF 19, printed 17)."
I037,FARM_v5,not_required,,,,,,related_resource,"Not required under rule 9. The nearest requirement is ""Lactating Cows: 90% or more of lactating cows observed score 2 or less on the FARM Hygiene Scorecard."" (Chapter 9, Hygiene, PDF 160). The scorecard (PDF 161) gives one score for mud or manure ""in areas A or B""; its text lists no body region, and the areas are shown only in a figure, so the score does not name the flank or upper legs. Welfare Quality scores udder, flank/upper legs and lower legs separately. The same 90% benchmark is set for pre-weaned calves, weaned heifers and dry cows (PDF 160). Related requirement: ""All age classes of animals have a resting area that is clean, dry, provides adequate cushion at all times, and does not pose risk of injury."" (Chapter 3, Resting Areas, PDF 44), whose evaluation uses hygiene scores ""as an animal-based measure of environment cleanliness""; the calving area must also be clean (Chapter 5, PDF 108)."
I037,GAP_dairy,required,"The percentage of animals that score 2 (dirty) for cleanliness, must not exceed 3% at any one time for each of the following: a. unweaned Calves; b. Heifers (weaned Calves to first calving); c. dry cows; and b. milking Herd.",5.E.1 (Cleanliness); Appendix VII,PDF 35 (printed 25),score 2 (dirty); 3% at any one time,visual_inspection,,"Names cleanliness of the flank and upper legs with a number (rules 3 and 9). Marked at every Step, 1 to 5+, in the Step Level columns. The score is Appendix VII (PDF 70, printed 60), made binding by 5.H.3 c, 5.G.5 c and 5.G.8 c ""Cleanliness Score (see Appendix VII)"". Its text says Heifers and cows are assessed on ""the lower legs, hind quarters and udder and teats"", the scorecard columns are headed ""Back, flank and Tail"", ""Lower hind leg"" and ""Udder"", and ""Compliance to the standard will be determined by assessing the score in each column"". The text lists ""hind quarters"" and the column lists ""flank""; Welfare Quality scores ""hind quarters"" as upper hind leg, flank and rear view including tail (protocol PDF 27). GAP adds the back to this area. Also at all Steps, 5.E.2 (PDF 35): ""The percentage of animals that score 3 (very dirty) for cleanliness, must not exceed 1% at any one time"". The quote keeps GAP's own lettering, which repeats b. 5.E.1 covers dry cows and the milking Herd, so the same animals as the indicator (rule 6). How checked: Appendix VII ""animals are to be assessed from the side and rear view of the animal""; Appendix VIII (PDF 72, printed 62), binding through 5.H.3, assessments ""by the third-party certifier, during the audit""; info note 8.E.2 (PDF 47, printed 37, guidance) ""This standard will be assessed by the auditors using the cleanliness score in Appendix VII"". The general clause on PDF 5 (printed v), ""Use of video technology is not a requirement but can be used in place of certain observations"", names no measure, so it does not make this row sensor_accepted."
I037,Certified_Humane,unsure,"The highest standards of hygiene must be practiced in the parlor to reduce risk of infection: a. Udder, teats, and flanks should be clean, dry, and free from sores on entry into the parlor;",E 34 a,PDF 25 (printed 16),,,,"Candidate E 34 a names clean flanks on entry into the parlor. Reading 1: it names flank cleanliness for every milking cow, so required. Reading 2: it is advice (""should""), limited to parlor milking, and names the flank but not the upper leg, so not_required. Two points are not settled by the rules of 8 October 2026. First, item a uses ""should"" inside a numbered standard whose stem uses ""must""; rule 2 excludes only boxes and text marked as not a standard, and says nothing about ""should"" in numbered text. Second, E 34 sits under J. Milking Parlor; rule 4 excludes requirements limited to one housing type, and the rules do not say whether a milking parlor section applies to every certified farm. how_checked is left empty because no numbered requirement says how it is checked. Not counted: E 19 c cow cleanliness with Appendix 5 hygiene scoring (PDF 22, printed 13) applies only to compost bedded pack housing (rule 4); E 24 a ""Cows and calves must be kept clean."" (PDF 23, printed 14) names no body region (rule 6)."
I038,RSPCA_Assured,unsure,"Visually assess the one randomly selected side of the animal and behind, only including the hind quarters to coronary band and udder: Scoring: 0 = Clean No dirt or only minor splashing present 2 = Very Dirty An area of dirtiness (i.e. layer or plaques of dirt) amounting to at least forearm length (40cm) in any dimension.",WA 1.1 a); Appendix 4 item 3 (Cleanliness),PDF 98 (printed 96),40cm,visual_inspection,,"Candidate: Appendix 4 item 3, binding through WA 1.1 a) (PDF 57, printed 55) under rule 3: one visual cleanliness score for one randomly selected side and behind, covering the hind quarters to coronary band and udder, very dirty at 40cm or more. The text lists the hind quarters, the coronary band and the udder; the score sheet (PDF 102, printed 100) lists no region for cleanliness. Reading 1, required: the listed span runs down to the coronary band, so the lower hind legs are scored. Reading 2, not required: lower legs are not listed, only the coronary band at the foot, and the front legs are not included, so it is not a direct synonym of the Welfare Quality lower leg score (rule 6). Rule 9 does not say whether a listed span names the parts inside it. how_checked is visual_inspection either way: the protocol says Visually assess, and scheme personnel carry it out (WA 1.1 d) ii). related_resource: E 8.5, pasture managed so that the cattle are kept clean (PDF 25, printed 23); E 5.2 b), unbedded areas scraped at least twice daily (PDF 19, printed 17)."
I038,FARM_v5,not_required,,,,,,related_resource,"Not required under rule 9. The nearest requirement is ""Lactating Cows: 90% or more of lactating cows observed score 2 or less on the FARM Hygiene Scorecard."" (Chapter 9, Hygiene, PDF 160). The scorecard (PDF 161) gives one score for mud or manure ""in areas A or B""; its text lists no body region, and the areas are shown only in a figure, so the score does not name the lower legs. Welfare Quality scores udder, flank/upper legs and lower legs separately. The same 90% benchmark is set for pre-weaned calves, weaned heifers and dry cows (PDF 160). Related requirement: ""All age classes of animals have a resting area that is clean, dry, provides adequate cushion at all times, and does not pose risk of injury."" (Chapter 3, Resting Areas, PDF 44), whose evaluation uses hygiene scores ""as an animal-based measure of environment cleanliness""; the calving area must also be clean (Chapter 5, PDF 108)."
I038,GAP_dairy,required,"The percentage of animals that score 2 (dirty) for cleanliness, must not exceed 3% at any one time for each of the following: a. unweaned Calves; b. Heifers (weaned Calves to first calving); c. dry cows; and b. milking Herd.",5.E.1 (Cleanliness); Appendix VII,PDF 35 (printed 25),score 2 (dirty); 3% at any one time,visual_inspection,,"Names cleanliness of the lower legs with a number (rules 3 and 9). Marked at every Step, 1 to 5+, in the Step Level columns. The score is Appendix VII (PDF 70, printed 60), made binding by 5.H.3 c, 5.G.5 c and 5.G.8 c ""Cleanliness Score (see Appendix VII)"". Its text says Heifers and cows are assessed on ""the lower legs, hind quarters and udder and teats"", the scorecard columns are headed ""Back, flank and Tail"", ""Lower hind leg"" and ""Udder"", and ""Compliance to the standard will be determined by assessing the score in each column"". The text lists ""the lower legs"" and the column ""Lower hind leg"", the area Welfare Quality scores on the lower hind legs (protocol PDF 27). Also at all Steps, 5.E.2 (PDF 35): ""The percentage of animals that score 3 (very dirty) for cleanliness, must not exceed 1% at any one time"". The quote keeps GAP's own lettering, which repeats b. 5.E.1 covers dry cows and the milking Herd, so the same animals as the indicator (rule 6). How checked: Appendix VII ""animals are to be assessed from the side and rear view of the animal""; Appendix VIII (PDF 72, printed 62), binding through 5.H.3, assessments ""by the third-party certifier, during the audit""; info note 8.E.2 (PDF 47, printed 37, guidance) ""This standard will be assessed by the auditors using the cleanliness score in Appendix VII"". The general clause on PDF 5 (printed v), ""Use of video technology is not a requirement but can be used in place of certain observations"", names no measure, so it does not make this row sensor_accepted."
I038,Certified_Humane,not_required,,,,,,,"Searched for legs, lower leg, hygiene, clean, dirty and manure. No requirement that applies to every farm names cleanliness of the lower legs. E 19 c ""Cow cleanliness must be monitored daily and recorded weekly. Refer to Appendix 5 for proper hygiene scoring."" (PDF 22, printed 13) applies only to compost bedded pack housing, so it does not count (rule 4); its Appendix 5 card has a legs column (PDF 60, printed 51). E 24 a ""Cows and calves must be kept clean."" (PDF 23, printed 14) names no body region (rule 6). Related: E 24 c mud over the fetlock is not allowed in loafing areas, pathways or near waterers and feeding areas (PDF 23, printed 14)."
I039,RSPCA_Assured,not_required,,,,,,,"Not required under rule 12: Welfare Quality defines no measure for thermal comfort, so no requirement can name it. Related requirements on the thermal environment: E 3.1, the thermal environment must not be so hot or so cold as to significantly affect production or cause distress, with a Temperature Humidity Index chart in the box below it (PDF 15, printed 13); E 3.4, relative humidity below 80% when ambient conditions allow, and E 3.5, relative humidity measured at least quarterly using meters or testing tubes (both PDF 16, printed 14); E 3.10, shelter in partially roofed units, and E 3.11, shade in summer (both PDF 17, printed 15); E 8.4 c), shade and shelter at pasture (PDF 25, printed 23); E(C) 3.1, calf hutches made of a material that minimises heat stress (PDF 81, printed 79)."
I039,FARM_v5,not_required,,,,,,related_resource,"Not required under rule 12: Welfare Quality defines no measure for thermal comfort, so no requirement can name it. Related requirement on the thermal environment: ""All age classes of animals are provided protection from heat and cold for typical climatic conditions."" (Chapter 3, Protection from Heat & Cold, PDF 38), evaluated by observing facilities for protection and ""observing animals for signs of cold or heat stress"" (PDF 39). Also related: the ventilation standard (Chapter 3, PDF 52) and the calving area standard (Chapter 5, PDF 108). Guidance on PDF 39 mentions respiratory rates above 60 breaths/min, which is not a standard (rule 2)."
I039,GAP_dairy,not_required,,,,,,,"Rule 12: Welfare Quality defines no measure for thermal comfort, so no requirement can name it. Related requirements on the thermal environment: 8.A.1, all Steps (PDF 45, printed 35), ""Thermal comfort must be maintained throughout the year for all animals, whether indoors or outdoors. Mechanical assistance, such as fans and ventilation, misters/foggers, extra bedding, or heated Calf boxes can be used.""; 3.E.2 b sick pens (PDF 21, printed 11); 7.A.3 holding areas, all Steps (PDF 41, printed 31); 8.R.4 Outdoor Yards/Pens and 8.T.5 Dry Lots, Steps 1 to 3 where used (PDF 50 and 52); 8.U.3 exercise pastures; 8.X.3 pasture structures, Steps 4 to 5+ (PDF 53 to 54). Appendix XIII Heat Stress Score (PDF 93, printed 83) is a panting score ""used if a producer or auditor needs to describe a cow that is heat stressed"", an optional tool, and Appendix IX (PDF 74, printed 64) a temperature humidity index chart."
I039,Certified_Humane,not_required,,,,,,,"Welfare Quality defines no measure for thermal comfort, so no requirement can name it (rule 12). Related requirements on the thermal environment: E 10 ""The thermal environment must not be so hot or cold that it causes distress."" (PDF 20, printed 11), with a boxed pointer to the Appendix 2 Temperature Humidity Index table (PDF 49, printed 40); E 15 shade or cooling when daytime temperatures are consistently above 85°F (PDF 21, printed 12); E 11 ventilation and E 13 relative humidity below 80% (PDF 20, printed 11); E 40 hypothermia in calves (PDF 27, printed 18)."
I040,RSPCA_Assured,required,"The use of housing systems in which cattle are tethered either for the whole, or part, of the housing period is prohibited.",E 4.6,PDF 19 (printed 17),,unspecified,,"Names presence of tethering by prohibiting it for the whole or part of the housing period. Also E(C) 3.3, tethering of calves is prohibited (PDF 81, printed 79). how_checked is unspecified: no text says how it is checked. Counts under rule 7. related_resource: E 4.5, cattle not closely confined except in listed circumstances (PDF 19, printed 17). Rule 8 would let visual_inspection cover an assessor observing the resource, but no RSPCA text says the assessor does so, so unspecified stands."
I040,FARM_v5,not_required,,,,,,related_resource,"Searched for tether, tie-stall and tied. FARM sets no requirement on tethering itself; tied housing is allowed. Tied animals are mentioned in the Daily Exercise evaluation: ""Interview: If animals are tied, ask about the process for providing an opportunity for exercise daily"" (PDF 36), and in the Segregation background (PDF 118). Related requirement: ""All age classes of animals have a method of daily exercise (weather permitting, if outdoors)."" (Chapter 3, Daily Exercise, PDF 36). Under rule 7 a requirement on tethering would name this row; FARM sets none."
I040,GAP_dairy,required,"Until December 31, 2026, use of Tie Stalls in the G.A.P. Program will be permitted for dairy cattle at Step 1. Beginning January 1, 2027, Operations utilizing Tie Stalls will no longer be eligible for G.A.P. certification.",8.F.8 (Tie Stalls),PDF 48 (printed 38),"December 31, 2026; January 1, 2027",unspecified,,"Rule 7: a requirement naming tethering, the resource measure, names it. 8.F.8 applies to every Operation, since it sets when Tie Stalls stop being eligible for certification (rule 4). Names tethering in housing: the Welfare Quality measure checks ""whether the farm has a tie stall system or a loose housing system"" (protocol PDF 29), and GAP defines a Tie Stall system by tethering (Definitions, PDF 99, printed 89: ""If the cows are tethered outside of the time that they are tethered for milking or treatment, this is a Tie Stall system""). Marked at every Step, 1 to 5+, in the Step Level columns. The standard continues ""During the phase out period, Operations will be required to untie their cows and Heifers daily."" Related at Step 1: 8.F.4 (PDF 48), limited to farms with Tie Stalls so not counted under rule 4, lactating and dry cows in Tie Stalls ""must be untied and provided access to an exercise area for at least two (2) hours per day"" until 31 December 2026; 8.B.4, all Steps (PDF 46, printed 36), ""Cows must not be tethered during calving""; 8.C.5 (PDF 46) ""Calves must not be tethered""; 8.D.1 and 8.D.2 (PDF 47, printed 37) Tie Stalls for Calves; 8.D.6 and 8.F.1, all Steps, Stanchion stalls prohibited. Higher steps: 8.F.5 ""Tie Stalls are prohibited"" at Steps 2 and 3, 8.F.3 from 1 January 2027 at Steps 4 to 5+ (PDF 47 to 48). The overview on PDF 2 (printed ii) says ""Tie-stalls are prohibited at Step 2 and higher"". How checked: GAP gives no method for these standards, so unspecified."
I040,Certified_Humane,required,Tethering of cattle is prohibited.,E 16 b,PDF 21 (printed 12),,unspecified,,"E 16 b names tethering and prohibits it, the presence of tethering measure (rule 7). It applies to every farm. how_checked is unspecified: no check is stated. Other requirements: E 25 a ""Housing animals in tie stalls or stanchion barns is prohibited."" (PDF 24, printed 15); E 45 b ""Tethering of calves is prohibited."" (PDF 28, printed 19); E 21 occasions when close confinement is allowed, which ""should not exceed 4 hours per day"" (PDF 22, printed 13)."
I041,RSPCA_Assured,required,Adult cattle must have access to pasture for: a) at least four hours per day b) a minimum of 120 days a year,E 8.1,PDF 23 (printed 21),at least four hours per day; a minimum of 120 days a year,records_review,,"Names access to pasture with numbers. how_checked is records_review: E 8.1.1 (PDF 24, printed 22) says that to verify compliance with E 8.1 records must be kept of the dates cattle were grazed and the number grazed for each date, and the box after it expects evidence for cows not grazed. Exceptions in E 8.1: the transition period (up to 21 days before and 90 days after calving, box, PDF 23, printed 21), adverse weather and veterinary advice. Also E 8.1.2, heifers must have access to pasture before first calving (PDF 24, printed 22); E 8.3, a review in the VHWP if 120 days are not met (PDF 25, printed 23); E 2.3, year round housing prohibited (PDF 14, printed 12). The standard does not name an outdoor loafing area apart from pasture; the requirement names outdoor access, which counts under rule 7. The justification document (PDF 7, printed 5) explains the 120 day figure."
I041,FARM_v5,not_required,,,,,,related_resource,"Searched for pasture, outdoor, loafing, paddock and dry-lot. No standard requires outdoor access. The Daily Exercise rationale says exercise for tied cattle can be provided as pasture, a dry-lot, paddock or bedded pack (PDF 36). Related requirement: the daily exercise standard (Chapter 3, PDF 36). Under rule 7 a requirement for outdoor access would name this row; the daily exercise standard allows but does not require outdoor exercise."
I041,GAP_dairy,not_required,,,,,,,"Searched for outdoor, loafing, pasture, yard and dry lot. No requirement for outdoor access applies at Step 1. The note to 8.R (PDF 50, printed 40) says ""Outdoor access is not required at Steps 1 and 2; however, if it is provided, the indicated standards must be met"", and the note to 8.T says ""The use of a Dry Lot is not required at Step 1"" (PDF 51, printed 41). Higher steps: 8.S.1, Step 3 (PDF 51), access to Outdoor Yards/Pens ""for at least 12 hours per day""; 8.V.1, Steps 3 and 4 (PDF 52, printed 42), exercise pasture 12 hours a day; 8.W.1 and 8.W.2, Steps 4 to 5+ (PDF 53, printed 43), grazing pasture 12 hours a day; 8.Y.1, Steps 2 to 5+ (PDF 54, printed 44), records of the dates of access to outdoor areas and Pasture. related_resource at Step 1: 8.Q.1 (PDF 50), daily access to an Indoor Yard/Pen; 8.P.1, exercise space indoor or outdoors. Rule 14: GAP is read at Step 1 only, so the higher step requirements are not counted."
I041,Certified_Humane,not_required,,,,,,,"Searched for outdoor, pasture, loafing, exercise and grazing. FW 27 a ""Cattle must have continuous access to pasture by the time they are weaned."" (PDF 17, printed 8) is in Part 2 D, Grass-Fed Systems, which the heading marks Optional and which must be met only ""in order to make a Grass-Fed claim"" (PDF 16, printed 7), so it does not count (rule 4). No requirement for every farm names outdoor access: E 18 c a loafing area for cows in freestalls (PDF 22, printed 13) is limited to freestall housing and not outdoor; a box says loafing areas ""can be indoors or outdoors"" (PDF 23, printed 14); E 22 b access to exercise areas for 4 hours per day (PDF 23, printed 14) names no outdoor area; E 44 and E 45 e outdoor exercise for calves, conditions permitting (PDF 27, printed 18; PDF 28, printed 19) concern calves (rule 6); FW 8 says cattle ""may be able to obtain"" nutrition by grazing (PDF 13, printed 4)."
I043,RSPCA_Assured,not_required,,,,,,,"No requirement names nasal discharge. Searched: nasal, nose, discharge, respiratory. H(C) 1.3 c) requires records of respiratory ailments for each batch of calves (PDF 84, printed 82), a disease record for calves, not a nasal discharge score. related practice: H 1.5 h), main disease problems listed in the VHWP (PDF 45, printed 43); M 3.3 e), stock keepers able to recognise signs of common diseases (PDF 33, printed 31)."
I043,FARM_v5,not_required,,,,,,not_named,"Searched for nasal, nose, discharge and snot. Nothing names nasal discharge; discharge occurs only for firearms (PDF 126). The ventilation standard (Chapter 3, PDF 52) is the nearest, but FARM's text does not link it to nasal discharge."
I043,GAP_dairy,not_required,,,,,,,"Searched for nasal, nose, discharge and respiratory. No standard names nasal discharge. related_resource: 4.A.1 and 4.A.2, all Steps (PDF 26, printed 16), animals observed and monitored daily and ""Records of any health or welfare issues that occur must be kept""; 1.E.1 c (PDF 13, printed 3), training on ""recognizing signs of normal and abnormal cow, Calf and Heifer appearance and behavior""; 8.L air quality, all Steps (PDF 49, printed 39)."
I043,Certified_Humane,not_required,,,,,,,"Searched for nasal, nose, discharge and respiratory. No requirement names nasal discharge. H 1 a 9 ""Respiratory/infectious diseases"" among monitored conditions (PDF 35, printed 26) names diseases, not this sign (rule 6)."
I044,RSPCA_Assured,not_required,,,,,,,"No requirement names ocular discharge. Searched: ocular, eye, discharge. Eyes appear only in the air quality score for the human observer (box, PDF 17, printed 15) and in stunning checks. related practice: H 1.5 h), main disease problems listed in the VHWP (PDF 45, printed 43); M 3.3 e), stock keepers able to recognise signs of common diseases (PDF 33, printed 31)."
I044,FARM_v5,not_required,,,,,,not_named,"Searched for ocular, eye, tear and discharge. Eye appears only as cancer eye and blindness in fitness to transport (PDF 67) and in euthanasia aiming. No requirement names ocular discharge."
I044,GAP_dairy,not_required,,,,,,,"Searched for ocular, eye and discharge. No standard names ocular discharge. ""Eye carcinoma"" appears only in the Appendix XIV fitness for transport checklist (PDF 94, printed 84), which is not this measure. related_resource: 4.A.1 and 4.A.2, all Steps (PDF 26, printed 16), daily observation with records of health or welfare issues; 1.E.1 c (PDF 13, printed 3), training to recognise abnormal appearance."
I044,Certified_Humane,not_required,,,,,,,"Searched for ocular, eye, discharge and tear. No requirement names ocular discharge. H 1 a 9 ""Respiratory/infectious diseases"" (PDF 35, printed 26) does not name this sign (rule 6)."
I045,RSPCA_Assured,not_required,,,,,,,"No requirement names hampered respiration. Searched: respiration, breathing, respiratory, cough. H(C) 1.3 c) requires batch records of respiratory ailments in calves (PDF 84, printed 82); respiratory ailments is a disease category, not a synonym of the observed sign of hampered breathing, and it covers calves. Breathing and coughing elsewhere refer to the human air quality score (PDF 17, printed 15) and to stun checks. related_resource: E 3.2 to E 3.7, ventilation and air quality (PDF 15 to 17, printed 13 to 15). Rule 6: broader wording and other animals do not count."
I045,FARM_v5,not_required,,,,,,related_resource,"Searched for respirat, breath, pneumonia, cough and panting. No standard names hampered respiration. Related requirements: ""The facility provides proper ventilation throughout all housing facilities that reduces odors, dust, and/or noxious gas."" (Chapter 3, Ventilation, PDF 52), whose rationale says ventilation helps prevent respiratory and other diseases, and the pneumonia treatment protocol (Chapter 4, PDF 56). Increased respiratory rate and open-mouth panting are listed as signs of heat stress (PDF 38), not as a measure."
I045,GAP_dairy,not_required,,,,,,,"Searched for respiration, breathing, cough, panting and respiratory. No standard requires hampered respiration to be assessed or counted. ""Labored breathing"" is listed in Appendix XIV (PDF 94, printed 84), a fitness for transport checklist that ""Operations can use"", referred to as ""additional guidance"" in the info note to 10.B.1 (PDF 56, printed 46); Appendix XIII Heat Stress Score (PDF 93, printed 83) is a panting score ""used if a producer or auditor needs to describe a cow that is heat stressed"". Neither is a requirement to measure. related_resource: 8.L.1 and 8.L.2, all Steps (PDF 49, printed 39), air quality assessed daily, dust and ammonia limits; 4.A.1, daily observation with records of health issues."
I045,Certified_Humane,not_required,,,,,,,"Searched for respiration, breathing, panting, cough and respiratory. No requirement names hampered respiration. H 1 a 9 ""Respiratory/infectious diseases"" (PDF 35, printed 26) names diseases, not the sign (rule 6). Appendix 2 gives respiration rates as heat stress thresholds (PDF 49, printed 40); no numbered requirement makes it a breathing assessment."
I046,RSPCA_Assured,not_required,,,,,,,"Not required under rule 6. Nearest: H(C) 1.3 b) (PDF 84, printed 82), health records of scouring/digestive upsets for each batch of calves, kept in the VHWP and available on request. These are calves (under 6 months, PDF 74, printed 72), not the adult dairy cows of the Welfare Quality measure, so it does not count (the calf scours example in rule 6). No requirement names diarrhoea or loose faeces in cows. Searched: diarrh, scour, faeces, loose, digestive."
I046,FARM_v5,not_required,,,,,,related_resource,"Not required under rule 11. Diarrhea is named only in the treatment protocol standard: ""The Herd Health Plan (HHP) includes a written protocol for treatment of the following common diseases: diarrhea, displaced abomasum (DA), ketosis, mastitis, milk fever, metritis, pneumonia, and any additional routinely occurring diseases identified by the veterinarian."" (Chapter 4, Treatment of Common Diseases, PDF 56). A treatment protocol alone does not name a case measure. The Treatment Records standard (Chapter 2, PDF 24) requires records of each treatment of ""the facility's common diseases"" with the ""Disease/condition being treated"", but it names no condition itself, so it does not count either. Searched every page for a requirement to record, monitor or report cases of the condition and found none; FARM's evaluation of the protocol standard reviews treatment records (PDF 56), which is a check, not a requirement to record cases. Both standards are related practice requirements. The Calving Area science box mentions calf diarrhea (PDF 108), which under rule 6 would not count for cows in any case."
I046,GAP_dairy,not_required,,,,,,,"Searched for diarrhoea, diarrhea, scour, scours and loose faeces. No standard names diarrhoea. The Calf cleanliness score mentions ""dirt/feces on tail, rump, or rear legs"" (Appendix VII Table 2, PDF 71, printed 61), which is a cleanliness score, not a diarrhoea measure. related_resource: 4.A.1 and 4.A.2, all Steps (PDF 26, printed 16), daily observation with records of health or welfare issues; 3.C.4, Steps 1 to 3 (PDF 18, printed 8), a plan to reduce antibiotic use in Calves."
I046,Certified_Humane,not_required,,,,,,,"Searched for diarrhoea, diarrhea, scours, loose faeces and enteritis. H 1 a lists ""7. Calf scours"" and ""3. Enteritis"" among monitored conditions (PDF 34, printed 25). Calf scours names diarrhoea in calves, other animals than the adult cows of the measure, and enteritis names an intestinal disease, so neither counts (rule 6). The box under FW 20 on diarrheal disease in calves (PDF 15, printed 6) does not count (rule 2)."
I047,RSPCA_Assured,not_required,,,,,,,"No requirement names vulvar discharge. Searched: vulva, vulvar, discharge, metritis, uterine. related practice: H 1.5 b), problems at calving, and H 1.5 h), main disease problems, listed in the VHWP (PDF 45, printed 43)."
I047,FARM_v5,not_required,,,,,,not_named,"Searched for vulva, vulvar, discharge and uterine. Nothing names vulvar discharge. Metritis is listed among the common diseases needing a treatment protocol (Chapter 4, PDF 56), but FARM's text does not mention discharge, so no requirement is recorded as bearing on it."
I047,GAP_dairy,not_required,,,,,,,"Searched for vulva, vulvar, discharge, metritis and uterine. No standard names vulvar discharge. 5.H.4, all Steps (PDF 37, printed 27), asks for monthly new cases of ""Metritis"" and ""Retained Placenta"", which are diseases, not the discharge measure, and are not a direct synonym. related_resource: 4.A.1, all Steps (PDF 26, printed 16), daily observation with records of health issues."
I047,Certified_Humane,not_required,,,,,,,"Searched for vulvar, vulval, vaginal, discharge, metritis and uterine. No requirement names vulvar discharge. Related: H 1 a 4 ""Problems at calving"" (PDF 34, printed 25); H 6 reproductive health (PDF 36, printed 27); metritis appears only in the reprinted review in Appendix 4 (PDF 59, printed 50), which no numbered requirement makes binding."
I048,RSPCA_Assured,required,Check farm records and record the number of animals in the last 12 months per 100 cows for the following categories (please refer to the table below for examples): a) No. planned culls (do not include animals sold for herd reduction) b) No. unplanned culls c) No. casualty cows (died or killed on farm),WA 1.1 a); Appendix 4 item 11 (Cull and Casualty Cows),PDF 101 (printed 99),last 12 months per 100 cows,records_review,,"Names mortality: c) counts casualty cows, died or killed on farm, per 100 cows over the last 12 months, in the Welfare Outcome Assessment required by WA 1.1 a) (PDF 57, printed 55). how_checked is records_review: the item says Check farm records. Other requirements naming mortality: H 1.5 g), LEGAL, mortality including sudden deaths and those humanely killed as unfit, listed in the VHWP (PDF 45, printed 43); H 1.6, all sudden deaths and cattle killed as unfit recorded with date and cause (PDF 45, printed 43); Appendix 4 item 10, calf and heifer losses per 100 cows calved (PDF 100, printed 98); H(C) 1.3 a), calf mortality records (PDF 84, printed 82). Item 11 leaves heifers that have not calved to item 10. Rule 3: the protocol is binding through WA 1.1 a), which applies at every scheme assessment visit (WA 1.1 c))."
I048,FARM_v5,not_required,,,,,,related_resource,"Searched for mortality, death, dead and died. No standard names cow mortality or sets a rate. Mortality appears in the Colostrum evaluation as evidence: ""Observe animal health records for morbidity and mortality"" (Chapter 5, PDF 89), for calves, and calf mortality is named as an indirect measure of colostrum quality (PDF 87 and 88). Related requirements: the euthanasia criteria standard (Chapter 7, PDF 122) and carcass disposal (Chapter 7, PDF 130). Noted as a hard case because a records check of calf mortality exists, but on a different age class and as evidence for a colostrum standard. Under rule 6 calf mortality records are other animals and do not name this row; under rule 2 the colostrum evaluation is not a requirement to record mortality."
I048,GAP_dairy,unsure,Mortality of Heifers from 3-weeks pre-calving and cows must not exceed 4% per 12-month period.,3.H.6 (Mortality and Culling),PDF 26 (printed 16),4% per 12-month period,records_review,,"Names cow mortality with a number. Marked at Steps 1, 2 and 3. At Steps 4 to 5+, 3.H.7 on the same page sets 2%. Other mortality limits: 3.H.5, all Steps, weaned Heifers 2% (PDF 26); 3.H.3, Steps 1 to 3, pre weaning 6%, and 3.H.4, Steps 4 to 5+, 4% (PDF 25, printed 15). GAP's Mortality ""excludes stillborn Calves"" and, per info note 3.H.6a, ""This percentage excludes Culls"", which include euthanized animals, whereas the Welfare Quality measure counts animals dead, euthanized and emergency slaughtered (protocol PDF 35), so the GAP figure is narrower. The reading for required: the requirement names mortality itself in adult cows, the same measure name, and is not broader wording (rule 6). How checked: section note (PDF 25) ""Mortality will be assessed by a review of records"", repeated in Appendix I (PDF 59, printed 49); info note 3.H.6c ""Auditors will evaluate this standard by calculating an annual percentage""; 3.H.1, all Steps, ""Records of Mortality and Culling by animal group ... must be kept"". Monthly Mortality rate is also reported under 5.H.4 d (PDF 38, printed 28). Coded unsure when the four schemes were merged on 8 October 2026: the wording is narrower than the Welfare Quality mortality measure, and rule 6 covers broader wording but not narrower wording, so the rules do not settle it (open_questions.md)."
I048,Certified_Humane,unsure,"All sudden deaths, disease outbreaks, and humane killings of unfit cattle must be: 1. Recorded;",H 8 a 1,PDF 37 (printed 28),,records_review,,"H 8 a requires all sudden deaths and humane killings of unfit cattle to be recorded, which names mortality cases (rule 11). It applies to every farm. The text covers ""sudden deaths"" and ""humane killings of unfit cattle"" and does not say all deaths; the rules of 8 October 2026 cover broader wording but not narrower wording, so this is noted for the reader. how_checked is records_review on the deciding word ""Recorded"", read as in the rule 4.8 worked example; this does not rest on the Part 5 box. Related: H 2 e a record of the carcass disposal method (PDF 35, printed 26); H 14 euthanasia methods in the Animal Health Plan (PDF 39, printed 30). Coded unsure when the four schemes were merged on 8 October 2026: the wording is narrower than the Welfare Quality mortality measure, and rule 6 covers broader wording but not narrower wording, so the rules do not settle it (open_questions.md)."
I049,RSPCA_Assured,not_required,,,,,,,"Not required under rule 6: H 1.5 b) (PDF 45, printed 43), problems at calving listed in the VHWP, is broader wording than dystocia (the rule 6 example). Searched: dystocia, difficult, assisted calving, calving aid, caesarean. Related: H 1.2 b), pain relief for painful conditions such as assisted calving (PDF 44, printed 42); H 7.1.1, caesarean section not a routine procedure (PDF 51, printed 49); H 7.5 and H 7.6, calving aids (PDF 52 to 53, printed 50 to 51); E 7.7, calving cows inspected at least twice a day (PDF 23, printed 21). The Welfare Outcome Assessment cull table lists calving problems as an unplanned cull reason (PDF 101, printed 99)."
I049,FARM_v5,not_required,,,,,,related_resource,"Not required under rule 11. The standards are ""The Herd Health Plan (HHP) includes a written protocol for difficult calvings (dystocia)."" (Chapter 5, Difficult Calving (Dystocia), PDF 84) and the checklist item ""Facility management effectively manages difficult calvings (dystocia)."" (PDF 83). Neither requires the farm to record, monitor or report dystocia cases. Keeping records of all instances of dystocia appears only under ""What can you do to meet the standard"" (PDF 85), which is guidance and does not count under rule 2. The evaluation reviews health records of animals that had a difficult calving (PDF 85), a check, not a recording requirement. Both standards are related practice requirements."
I049,GAP_dairy,not_required,,,,,,,"Searched for dystocia, difficult calving, assisted calving and caesarean. The candidate is 4.C.1, all Steps (PDF 27, printed 17): ""The number of Assisted Calvings and caesarean sections (combined) must not exceed 8% per 12-month period. Records must be kept."" Under rule 6 it does not name dystocia. The Welfare Quality protocol defines dystocia incidence as ""the number of calvings where major assistance was required"" (protocol PDF 35), while GAP's Definitions (PDF 95, printed 85) give Assisted Calving as ""Any calving where it is necessary for there to be human intervention in the birthing process"", and 4.C.1 adds caesarean sections, so the GAP count is broader wording. GAP itself keeps the words apart: a stillborn Calf is ""born dead due to a difficult calving (dystocia) (assisted or unassisted)"" (PDF 25, printed 15). Related: 4.C.1 is checked from records (""Records must be kept""; info note 4.C.1b ""Auditors will evaluate this standard by calculating an annual percentage""); 4.C.2, all Steps, caesareans by a veterinarian with pain relief."
I049,Certified_Humane,not_required,,,,,,,"Searched for dystocia, difficult calving, calving ease, assisted calving and calving aids. H 1 a 4 ""Problems at calving"" among monitored conditions (PDF 34, printed 25) is broader wording and does not count (rule 6). Related: M 12 calving aids used only to assist a delivery after the cow is examined (PDF 32, printed 23); E 30 and E 31 calving areas (PDF 25, printed 16); M 11 preparation for calving (PDF 32, printed 23). Dystocia appears only in the reprinted review in Appendix 4 (PDF 59, printed 50)."
I050,RSPCA_Assured,required,"When an animal is unable to rise, a record (i.e. log book/sheet) must be kept that includes:",H 9.4,PDF 55 (printed 53),,records_review,,"Names downer cows: an animal unable to rise, the recumbent (downer) cattle of H 9.2 (PDF 54, printed 52). H 9.4 requires a record for each such animal, which is a record of cases, so it names the incidence. how_checked is records_review: a record (log book/sheet) must be kept. The record lists checks, changes and actions, not a rate, and no number is set. Also H 1.1 e), procedures for downer cows in the VHWP (PDF 44, printed 42); H 9.1 to H 9.3 and H 9.2.1 (PDF 54 to 55, printed 52 to 53). The Welfare Outcome Assessment cull table gives downer cows as an example of casualty cows (PDF 101, printed 99) and the score sheet counts downer cows in hospital pens (PDF 103, printed 101). The justification document (PDF 10, printed 8) explains the downer cattle standards. Rule 11: the farm must record each case of the named condition, an animal unable to rise."
I050,FARM_v5,not_required,,,,,,related_resource,"Not required under rule 11. FARM gives the synonym itself: non-ambulatory cattle are also referred to as downer or down cattle (PDF 112). Its standards on non-ambulatory animals cover practice only: a written protocol for proper movement (Chapter 6, PDF 112), prompt medical care (PDF 114), feed, water, protection and isolation (PDF 116), and a location to segregate weak or injured animals (PDF 118). None requires the farm to record, monitor or report downer cases; the evaluation reviews treatment records for promptness of care (PDF 114), which is a check, not a recording requirement. These are related practice requirements."
I050,GAP_dairy,required,Operations must report to G.A.P. and to the Certifier the following data points every other month for all animals in their milking Herd: ... b. Incidence for each month (new cases) of: ... viii. Downers,5.H.4 (Cow Comfort Assessments and Reporting),PDF 37 to 38 (printed 27 to 28),every other month,records_review,,"Names new cases of downer cows per month in the milking Herd. Marked at every Step, 1 to 5+, in the Step Level columns. The list item ""viii. Downers"" is at the top of PDF 38; the lead in is on PDF 37. The Welfare Quality measure is ""the number of cases of non-ambulatory cows"" (protocol PDF 36), and GAP uses ""non-ambulatory/downer"" in Section 3.F. How checked: the standard says ""Operations must report to G.A.P. and to the Certifier"" these counts ""every other month"", so the certifier reviews farm reported records (records_review); 5.H.1 (PDF 37, printed 27) makes them part of the Cow Comfort Assessment, whose ""Completed assessments must be submitted to G.A.P. and to the Certifier"". No sensor or automated data is mentioned for these counts. Rule 11: the standard requires the farm to report cases of the named condition. The frequency ""every other month"" is recorded (rule 13). Related: 3.F.3, all Steps (PDF 22, printed 12), ""All non-ambulatory/downer animals must be assessed and then treated or euthanized""; 3.F.8, all Steps (PDF 23, printed 13), determine the causes and write a plan to reduce re-occurrence; 3.F.1, 3.F.2 and 3.F.4 to 3.F.7 on moving and caring for downer animals."
I050,Certified_Humane,required,"The herd must be continually monitored for performance, including production diseases, infectious diseases, and injury as a result of housing/husbandry/handling, such as: ... 11. Non-ambulatory animals",H 1 a 11,PDF 34 to 35 (printed 25 to 26),,unspecified,,"H 1 a 11 names non ambulatory animals, a direct synonym of downer cows, among the conditions the herd must be continually monitored for (the H 1 a opening is on PDF 34, printed 25), which names the case measure (rule 11). It applies to every farm. how_checked is unspecified: H 1 a says the herd ""must be continually monitored"", and the numbered text after H 1 a 11 requires tolerance limits to be ""delineated in the Animal Health Plan"" (PDF 35, printed 26), but no numbered requirement says the monitored cases are recorded or how the inspector checks them. M 1 b makes health plans operations records available to the inspector (PDF 29, printed 20); that is the plan with its limits, not the cases. The records list in the Part 5 box (PDF 34, printed 25) does not include herd performance and is box text in any case (rule 2). Other requirements on non ambulatory animals are care rules: H 4 c ""All non-ambulatory animals must be promptly treated or euthanized."" and H 4 a, b, d to h (PDF 35 to 36, printed 26 to 27); T 8 b (PDF 42, printed 33). Quote corrected on 8 October 2026 by the independent check: it now gives the H 1 a stem on PDF 34, which carries the monitoring requirement, and list item 11 on PDF 35, instead of item 11 joined to the next sentence."
I051,RSPCA_Assured,required,"disbudding during the first 5 weeks of life, or as soon as a prominent bud has formed, using a hot iron under local anaesthesia",H(C) 1.7 b),PDF 85 (printed 83),first 5 weeks of life,unspecified,,"Names disbudding, its method and age, as one of the only potentially injurious husbandry procedures permitted. H(C) 1.7.2 requires a long acting pain relieving drug at the time of the procedure (PDF 85, printed 83); H(C) 1.7.1 c), only a vet or trained and competent stock keepers (PDF 85, printed 83); H 6.1, removal of horns other than horn buds only by a vet and not routine (PDF 51, printed 49). how_checked is unspecified: no text says how it is checked. Counts under rule 7. Rule 4 check: the calf standards are to be used by anyone rearing calves on an assured unit (PDF 74, printed 72). The justification document (PDF 18, printed 16) explains the disbudding standard."
I051,FARM_v5,required,"The Herd Health Plan (HHP) has a written protocol for pre-weaned calf care that includes language specific to calves (heifers, bulls, and steers) being disbudded before 8 weeks of age using caustic paste or cautery (if performed on-farm).","Chapter 5: Pre-Weaned Calves, Age at Disbudding",PDF 102 (printed 102),before 8 weeks of age,records_review,named_with_threshold,"Required under rule 7 (a management measure named by the requirement). On rule 4: the requirement is conditional on disbudding being performed on-farm, but that condition is the practice the indicator itself measures, not a housing type, target trigger or optional module, so it is read as applying to every certified farm. Names disbudding, the management based measure, with an age limit. Disbudding itself is not required (PDF 102). How checked, PDF 103, under Protocol Review: ""Review the farm's written protocol(s) to determine it meets the standards"", with action review by interview and observation of calves for evidence of disbudding and adults for horns. The checklist adds the action standard ""Calves are disbudded before 8 weeks of age using caustic paste or cautery (if performed on-farm)."" (PDF 83), and pain mitigation for disbudding is a separate standard (Chapter 5, PDF 105), checked partly through the drug cabinet and treatment records (PDF 106)."
I051,GAP_dairy,required,"All Disbudding requires short- and long-term Pain Relief, including short-acting anesthesia, e.g. Tri-Solfen, Lidocaine, and long-acting analgesia, e.g. NSAIDs such as Meloxicam (Metacam, Buccalgesic), Flunixin, Ketoprofen or Carprofen under the supervision of the Herd’s veterinarian, to alleviate pain during and after the procedure.",4.E.3 (Disbudding),PDF 31 (printed 21),,records_review,,"Rule 7: the requirement names the management measure. Names disbudding and the use of anaesthesia and analgesia, the items the Welfare Quality management measure records (protocol PDF 36). Marked at Steps 1 and 2, so it applies at Step 1 (rule 14). Also at all Steps, 4.E.6 (PDF 31): ""Dehorning is prohibited."" 4.E.2, Steps 1 to 4 (PDF 30, printed 20), allows hot iron ""On or before the Calf reaches 28 days of age"" and caustic paste ""On or before the Calf reaches 7 days of age"". Higher steps, not counted (rule 14): 4.E.4, Steps 3 and 4, adds a sedative; 4.E.5, Steps 5 and 5+, ""Disbudding is prohibited."" How checked: 4.E.1, Steps 1 to 4 (PDF 30), ""The date of Disbudding for each Calf must be recorded so that the requirements of this Section can be reviewed"", and info note 4.E.3a ""Records must document the date of the procedure, animal ID and type of short- and long-term Pain Relief used."""
I051,Certified_Humane,required,"Disbudding may be conducted during the first 4 weeks of age, using a hot iron; pain management must be used.",H 13 b 2,PDF 38 (printed 29),4 weeks,unspecified,,"H 13 b 2 names disbudding, with an age limit and required pain management, the management based disbudding and dehorning measure (rule 7). It applies to every farm. how_checked is unspecified: read from numbered requirements only, none says physical alterations are recorded or how the inspector checks them. H 12 b requires records of treatments given therapeutically for disease (PDF 38, printed 29), which is not disbudding. The records list ""13. Physical alterations"" is in the Part 5 box (PDF 34, printed 25) and does not count (rule 2). Other requirements: H 13 b 2 a cautery paste only up to 7 days of age (PDF 38, printed 29); H 13 b 2 b, c and d prohibited methods, surgical disbudding after 6 weeks, and horn removal over 6 months only by a veterinarian (PDF 39, printed 30); H 13 a pain management must include a medication (PDF 38, printed 29); M 5 c caretakers must demonstrate proficiency in dehorning (PDF 30, printed 21)."
I052,RSPCA_Assured,not_required,,,,,,,"No requirement names tail docking. Searched: dock, docking, tail. H(C) 1.7 (PDF 85, printed 83) lists the only potentially injurious husbandry procedures permitted, and tail docking is not among them; H 6.1.1 prohibits procedures with no purpose other than cosmetic enhancement (PDF 51, printed 49). Both exclude it without naming it, so they are related practice requirements; rule 7 would count a requirement that named tail docking, but none does. Tails appear in M 5.5 (not pulled by the tail, PDF 35, printed 33), M 6.1 (tailbands, PDF 35, printed 33) and the Welfare Outcome Assessment broken tails count (Appendix 4 item 6, PDF 99, printed 97), which records tail injury, not docking."
I052,FARM_v5,required,The facility complies with the ban on routine tail docking.,"Chapter 8: Animal Management, Tail Docking",PDF 134 (printed 134),,visual_inspection,named,"Required under rule 7 (a management measure named by the requirement). Names tail docking, no number in the requirement (the ban date of January 1, 2017 is in the evaluation and rationale). How checked, PDF 134: ""Observation: Observe all age classes of animals for docked tails"", plus interview and review of records of medically necessary docking. A separate standard sets 95% or more of lactating cows with uninjured tails (Chapter 9, Injured Tails, PDF 152), which is not this indicator."
I052,GAP_dairy,required,Tail docking is prohibited.,4.H.2 (Tail Care & Management),PDF 32 (printed 22),,unspecified,,"Rule 7: the requirement names the management measure. Names tail docking. Marked at every Step, 1 to 5+, in the Step Level columns. The red M beside it marks a major non-conformance (PDF 6, printed vi) and is not part of the text. The overview (PDF 2, printed ii) also says ""Dehorning, Branding, and tail-docking are prohibited at step 1 and higher"". How checked: GAP gives no method for 4.H.2, so unspecified. Related: 5.F.1, all Steps (PDF 35, printed 25), not more than 1% of cows with broken tails, where ""Broken tails include tails that are bent, misshapen, short, or injured"" and cows ""will be inventoried at the time of the audit""; that standard is about broken tails, not docking. 4.H.3, Step 1 Tie Stall Operations, tail ties."
I052,Certified_Humane,required,Tail docking is prohibited.,H 13 b 4,PDF 39 (printed 30),,unspecified,,"H 13 b 4 names tail docking and prohibits it, followed by ""Switch trimming is allowed."" (rule 7). It applies to every farm. how_checked is unspecified: no numbered requirement says how the inspector checks that tails are not docked."
I053,RSPCA_Assured,required,Adult cattle must have access to pasture for: a) at least four hours per day b) a minimum of 120 days a year,E 8.1,PDF 23 (printed 21),at least four hours per day; a minimum of 120 days a year,records_review,,"Names access to pasture with numbers; the same requirement as I041. how_checked is records_review: E 8.1.1 (PDF 24, printed 22) requires records of the dates cattle were grazed and the number grazed for each date to verify compliance with E 8.1. Also E 8.6, pasture for adult cattle must provide grass of sufficient height and density for normal grazing behaviour (PDF 25, printed 23); E 8.1.2, heifers must have access to pasture before first calving (PDF 24, printed 22); E 8.2, a pasture plan (PDF 24, printed 22). Counts under rule 7. The justification document (PDF 7, printed 5) explains the 120 day figure."
I053,FARM_v5,not_required,,,,,,related_resource,"Searched for pasture, graze and outdoor. No standard requires access to pasture. Pasture appears in the Daily Exercise rationale as one form of exercise for tied cattle (PDF 36) and in lameness and injury science text (PDF 61, 62, 150 and 154). Related requirement: ""All age classes of animals have a method of daily exercise (weather permitting, if outdoors)."" (Chapter 3, Daily Exercise, PDF 36). Under rule 7 a requirement for pasture access would name this row; FARM sets none."
I053,GAP_dairy,not_required,,,,,,,"Searched for pasture, grazing and days. No pasture requirement applies at Step 1. Higher steps: 8.W.3, Steps 4 and 5 (PDF 53, printed 43), ""Cows must spend at least 120 days per calendar year (365 days) on Pasture""; 8.W.4, Step 5+, 200 days; 8.W.2, Steps 4 to 5+, ""Pasture access for lactating cows must be for a minimum of 12 hours per day""; 8.W.1 and 8.W.6 for Heifers and far off cows; 8.X.1 to 8.X.4 pasture planning (PDF 53 to 54); 8.Y.1, Steps 2 to 5+ (PDF 54, printed 44), records of the dates of access to Pasture. The overview (PDF 2 to 3, printed ii to iii) gives 120 days at Steps 4 and 5 and 200 days at Step 5+. Rule 14: GAP is read at Step 1 only, so the higher step requirements are not counted."
I053,Certified_Humane,not_required,,,,,,,"Searched for pasture, grazing and outdoor. FW 27 a ""Cattle must have continuous access to pasture by the time they are weaned."" (PDF 17, printed 8) is in Part 2 D, Grass-Fed Systems, which the heading marks Optional and which must be met only ""in order to make a Grass-Fed claim"" (PDF 16, printed 7), so it does not count (rule 4). Other pasture text does not require access: FW 8 a says cattle ""may be able to obtain"" nutrition by grazing where climate allows, and FW 8 c covers diet on pasture (PDF 13, printed 4); FW 22 water for cattle on pasture (PDF 15, printed 6)."
I054,RSPCA_Assured,not_required,,,,,,,"No requirement names avoidance distance. Searched: avoidance, distance, flight, approach, fear. The Welfare Outcome Assessment (Appendix 4 item 7, PDF 100, printed 98) scores the herd's response to the stockperson as sociable, relaxed or nervous, as far as possible to the stockperson alone rather than the assessor; it is a different measure of the human animal relationship, not a synonym of avoidance distance. related practice: M 3.5, handling in a positive and compassionate manner (PDF 33, printed 31); M 5.1, cattle handled quietly and firmly (PDF 34, printed 32)."
I054,FARM_v5,not_required,,,,,,related_resource,"Searched for avoidance, flight, fear and approach. Avoidance appears only in reference titles about flies (PDF 47 and 135). No standard names avoidance distance. Related requirements: annual continuing education in proper stockmanship (Chapter 2, Continuing Education/Training, PDF 13) and the milking procedure protocol (Chapter 4, PDF 70), whose evaluation observes if employees are calm and quiet and whose science box says fear of humans decreases productivity."
I054,GAP_dairy,not_required,,,,,,,"Searched for avoidance, flight distance, approach, fear and human. No standard names avoidance distance. ""Flight zone"" appears only as a handling aid in info note 4.B.4a (PDF 27, printed 17). related_resource: 4.B.3, all Steps (PDF 26, printed 16), ""All animals must be handled calmly, quietly, and given time to move""; 4.B.1 and 4.B.2 on abuse; 4.B.5 and 4.B.6 on electric prods; 1.E.1 staff training (PDF 13, printed 3)."
I054,Certified_Humane,not_required,,,,,,,"Searched for avoidance, flight distance, approach, fear and human animal relationship. No requirement names avoidance distance. Related: M 7 handling in a positive and compassionate manner (PDF 31, printed 22); M 8 benign handling (PDF 31, printed 22); M 5 b 1 caretakers must recognize signs of fear (PDF 30, printed 21)."
I055,RSPCA_Assured,not_required,,,,,,,"No requirement names qualitative behaviour assessment. Searched: qualitative, QBA, demeanour, emotional, relaxed. Nearest: the Welfare Outcome Assessment response to stockperson score (Appendix 4 item 7, PDF 100, printed 98), which uses three terms (sociable, relaxed, nervous) for the response to the stockperson only; it is not a qualitative behaviour assessment. related practice: M 3.3 d), stock keepers able to recognise normal behaviour, abnormal behaviour and fear (PDF 33, printed 31). The Artificial Intelligence information box (PDF 42, printed 40) mentions behavioural assessment without naming a method."
I055,FARM_v5,not_required,,,,,,not_named,"Searched for qualitative, emotional, demeanour and behaviour assessment. No standard names qualitative behaviour assessment. The nearest text is in the Milk Feeding and Starter Feed evaluations, which observe whether calves ""appear to be thriving, versus dull, depressed, and thin"" (PDF 95 and 101); that is an evaluation step for calf feeding standards, not a QBA requirement."
I055,GAP_dairy,not_required,,,,,,,"Searched for qualitative behaviour, QBA, emotional, positive welfare and play. No standard names qualitative behaviour assessment. Appendix XI describes play as ""an indicator of positive welfare"" when explaining fresh straw and hanging balls as enrichments (PDF 88 to 89, printed 78 to 79); that is background to an enrichment option, not a requirement to assess behaviour. related_resource: 8.K.1, Step 1 (PDF 49, printed 39), one type of enrichment per group when housed."
I055,Certified_Humane,not_required,,,,,,,"Searched for qualitative behaviour, QBA, emotional, positive, demeanour and behavior. No requirement names qualitative behaviour assessment. Related: M 5 b 1 caretakers must be able to ""Recognize signs of normal behavior, abnormal behavior, and fear"" (PDF 30, printed 21), a training requirement; the Part 3 objectives that the environment allow natural behaviors (PDF 18, printed 9)."
I056,RSPCA_Assured,not_required,,,,,,,"Not named. Searched: calcium, blood, serum, hypocal. H 1.5 a) names hypocalcaemia (I028, I029) but no blood calcium test. The information box after TC 1.3 (PDF 43, printed 41) recommends screening for disease in the three weeks after calving without naming a test; it is not a standard. Rule 5: a condition named without its form never names a row defined by a test."
I056,FARM_v5,not_required,,,,,,related_resource,"Searched for calcium, blood, serum and hypocalc. The only blood test in the manual is serum IgG or total protein for calf passive immunity (PDF 88). No standard names blood calcium. Related requirement: the milk fever treatment protocol (Chapter 4, Treatment of Common Diseases, PDF 56). Under rule 5 milk fever never names a row defined by a test."
I056,GAP_dairy,not_required,,,,,,,"Searched for calcium, blood, serum and hypocalcaemia. No standard names blood calcium testing. Rule 5: the milk fever incidence report in 5.H.4 (PDF 37, printed 27) names I028 and never a row defined by a test. related_resource: 6.B.21, all Steps (PDF 40, printed 30), close-up diets adjusted to reduce metabolic diseases including milk fever."
I056,Certified_Humane,not_required,,,,,,,"Searched for calcium, blood, serum, hypocalcemia and milk fever. No requirement names a blood calcium test. H 1 a 1 names hypocalcemia (PDF 34, printed 25), which never names a test row (rule 5)."
I057,RSPCA_Assured,required,The following must be monitored and recorded as part of the VHWP: a) individual cow cell counts,H 5.4 a),PDF 51 (printed 49),,records_review,,"Names milk somatic cell count from individual cow records. how_checked is records_review: monitored and recorded as part of the VHWP. The standard sets no period or threshold; Welfare Quality uses the three months before the visit. related practice: M 2.7, all farms must be milk recorded using an ICAR approved milking system (PDF 32, printed 30); the text does not link it to H 5.4 a) or say automated counts are accepted, so sensor_accepted is not used. Rule 6: individual cow counts name I057 and I058, not the bulk tank row I007."
I057,FARM_v5,not_required,,,,,,related_resource,"Searched for somatic, SCC, cell count and milk records. No standard names milk somatic cell count; SCC is in the acronym list (PDF 9) and in the Milking Procedure science box on lower herd SCC (PDF 70). Related requirements: the milking procedure protocol (Chapter 4, PDF 70) and the mastitis treatment protocol (Chapter 4, PDF 56). Under rule 6 only an individual cow count would name this row; none is required."
I057,GAP_dairy,not_required,,,,,,,"Searched for somatic cell, SCC, cell count, individual cow and milk records. Rule 6: a herd level or bulk tank somatic cell count names I007, not I057. GAP names only herd figures: 5.H.4 e, all Steps (PDF 38, printed 28), ""Monthly average SCC"" reported every other month for ""all animals in their milking Herd"", and 7.D.1, all Steps (PDF 42, printed 32), ""Monthly average bulk tank somatic cell count (SCC) must be monitored and recorded"". The Welfare Quality measure uses individual cow milk records over the three months before the visit (protocol PDF 35). related_resource: 1.C.1 b iii (PDF 12, printed 2), animal health plan ""monitoring programs (e.g. somatic cell count, Johne's, BVD-PI)""."
I057,Certified_Humane,not_required,,,,,,,"Searched for somatic cell, SCC and cell count. The only somatic cell requirement is H 7 c ""Herd somatic cell counts"" (PDF 37, printed 28); a herd level count names I007, not the individual cow rows (rule 6)."
I058,RSPCA_Assured,required,The following must be monitored and recorded as part of the VHWP: a) individual cow cell counts,H 5.4 a),PDF 51 (printed 49),,records_review,,"Names individual cow somatic cell count. how_checked is records_review: monitored and recorded as part of the VHWP. EFSA's measure is a specified increase between consecutive monthly recordings; H 5.4 a) requires the counts to be monitored and recorded but sets no rise or threshold. related practice: M 2.7, milk recording with an ICAR approved milking system (PDF 32, printed 30); not stated to be accepted for H 5.4 a), so sensor_accepted is not used. Rule 6: individual cow counts name I057 and I058, not the bulk tank row I007."
I058,FARM_v5,not_required,,,,,,related_resource,"Searched for somatic, SCC, cell count and individual cow. No standard names individual cow SCC. Related requirements: the milking procedure protocol (Chapter 4, PDF 70), whose science box links milking practices to herd SCC, and the mastitis treatment protocol (Chapter 4, PDF 56). Under rule 6 only an individual cow count would name this row; none is required."
I058,GAP_dairy,not_required,,,,,,,"Searched for individual cow, SCC, somatic cell, increase and recording. No standard names individual cow somatic cell count or increases between recordings. Rule 6: GAP's herd figures, 7.D.1 monthly average bulk tank SCC (PDF 42, printed 32) and 5.H.4 e ""Monthly average SCC"" (PDF 38, printed 28), name I007, not this row. related_resource: 1.C.1 b iii (PDF 12, printed 2), animal health plan ""monitoring programs (e.g. somatic cell count, Johne's, BVD-PI)""; 7.D.2, each cow checked for clinical mastitis at each milking."
I058,Certified_Humane,not_required,,,,,,,"Searched for individual cow somatic cell count, individual SCC, cell count, somatic and milk recording. No requirement names individual cow somatic cell count. H 7 c ""Herd somatic cell counts"" (PDF 37, printed 28) names I007 only (rule 6); its words ""individual clinical cases of mastitis"" refer to clinical cases. Related: E 34 f weekly fore strip examination (PDF 26, printed 17)."
I059,RSPCA_Assured,not_required,,,,,,,"Not named. Searched: culture, bacteri, sample, pathogen, organism. The information box after H 5.1 (PDF 51, printed 49) says that if the target incidence of clinical mastitis is exceeded over a 2 month period, the organism should be identified, best by regular aseptic milk samples from all clinical quarters kept for bacteriological analysis; it is a recommendation in a box, not a standard (Guide, PDF 6, printed 4). related practice: H 5.1 c), a target incidence of clinical mastitis (PDF 50, printed 48); H 5.2, all cases of mastitis treated promptly (PDF 51, printed 49). Rule 2: box text does not count."
I059,FARM_v5,not_required,,,,,,related_resource,"Searched for culture, bacteria, pathogen and laboratory. No standard names bacterial culture of cow milk. Antibiotic stewardship guidance says cultures and sensitivity tests can aid antibiotic selection (PDF 18), and colostrum quality may be assessed by bacteria count (PDF 87 and 88); neither is a standard for cow milk. Related requirement: the mastitis treatment protocol (Chapter 4, PDF 56), whose background expects criteria for identifying and diagnosing the disease."
I059,GAP_dairy,not_required,,,,,,,"Searched for culture, bacteri, pathogen, laboratory and milk sample. No standard names bacterial culture or screening of milk samples. related_resource: 1.C.1 b iii (PDF 12, printed 2), animal health plan ""monitoring programs (e.g. somatic cell count, Johne's, BVD-PI)""; 7.D.1 bulk tank SCC and 7.D.2 clinical mastitis checks (PDF 42, printed 32)."
I059,Certified_Humane,not_required,,,,,,,"Searched for culture, organism, pathogen, bacteriology and sample. H 7 b ""When the mastitis rate exceeds the target figure for a 2-month period, then the specific organisms involved must be identified;"" (PDF 37, printed 28) is triggered only above a target, so it does not count (rule 4). No other requirement names pathogen identification."
